gid,cnt_light,total_cnt_securitylight,old_area_ratio,sangga_area_ratio,cnt_cctv,cnt_112,traffic,클러스터
다사49aa19ab,0,0,0.0,0.0,0,0.0,0.0,1
다사49aa19ba,0,0,0.0,0.0,0,0.0,0.0,1
다사49aa20aa,0,0,0.0,0.0,0,0.0,0.0,1
다사49ab18ab,0,0,0.0,0.0,0,0.0,0.0,1
다사49ab18ba,0,0,0.0,0.0,0,0.0,0.0,1
다사49ab18bb,0,0,0.0,0.0,0,0.0,0.0,1
다사49ab19aa,0,0,0.0,0.0,0,0.0,0.0,1
다사49ab19ab,0,0,0.0,0.0,4,0.0,0.0,1
다사49ab19ba,0,0,0.0,0.0,0,0.0,0.0,1
다사49ab19bb,0,0,0.0,0.0,0,0.0,0.0,1
다사49ab20aa,0,0,0.0,0.0,0,1.0,0.0,1
다사49ab20ab,0,0,0.0,0.0,0,0.0,0.0,1
다사49ab20ba,0,0,0.0,0.0,0,0.0,0.0,1
다사49ab20bb,0,0,0.0,0.0,0,0.0,0.0,1
다사49ba17bb,0,0,0.0,0.0,0,0.0,0.0,1
다사49ba18aa,0,0,0.0,0.0,0,0.0,0.0,1
다사49ba18ab,0,0,0.0,0.0,0,0.0,0.0,1
다사49ba18ba,0,0,0.0,0.0,0,0.0,0.0,1
다사49ba18bb,0,0,0.0,0.0,0,0.0,0.0,1
다사49ba19aa,0,0,0.0,0.0,0,0.0,0.0,1
다사49ba19ab,0,0,0.0,0.0,3,0.0,0.0,1
다사49ba19ba,5,0,0.0,0.0,0,11.0,9.0,1
다사49ba19bb,5,0,0.0,0.0,2,12.0,1.0,1
다사49ba20aa,0,0,0.0,0.0,0,0.0,0.0,1
다사49ba20ab,0,0,0.0,0.0,0,0.0,0.0,1
다사49ba20ba,0,0,0.0,0.0,0,0.0,0.0,1
다사49ba20bb,0,0,0.0,0.0,0,0.0,0.0,1
다사49ba21aa,0,0,0.0,0.0,0,0.0,0.0,1
다사49ba21ab,2,1,0.0,0.0,0,3.0,0.0,1
다사49ba21ba,3,0,0.0,0.0,0,0.0,0.0,1
다사49ba22ba,0,0,0.0,0.0,0,0.0,0.0,1
다사49ba22bb,0,0,0.0,0.0,0,0.0,0.0,1
다사49bb17ba,0,0,0.0,0.0,0,0.0,0.0,1
다사49bb17bb,0,0,0.0,0.0,0,0.0,0.0,1
다사49bb18aa,0,0,0.0,0.0,0,0.0,0.0,1
다사49bb18ab,0,0,0.0,0.0,0,0.0,0.0,1
다사49bb18ba,0,0,0.0,0.0,0,0.0,0.0,1
다사49bb18bb,6,1,0.0,0.0,0,1.0,0.0,1
다사49bb19aa,0,4,0.0,0.00528,4,12.0,1.0,1
다사49bb19ab,9,11,0.0,0.0,4,25.0,10.0,1
다사49bb19ba,23,0,0.0,0.00512,5,115.0,50.0,5
다사49bb19bb,11,0,0.0,0.005232,5,33.0,28.0,9
다사49bb20aa,0,0,0.0,0.0,0,0.0,2.0,1
다사49bb20ab,0,0,0.0,0.0,0,6.0,0.0,1
다사49bb20ba,0,7,0.0,0.0,0,4.0,0.0,1
다사49bb20bb,0,7,0.0,0.0,4,1.0,0.0,1
다사49bb21aa,0,0,0.0,0.0,0,0.0,0.0,1
다사49bb21ab,0,0,0.0,0.0,4,0.0,0.0,1
다사49bb21ba,10,0,0.0,0.0,0,3.0,5.0,1
다사49bb22ab,0,0,0.0,0.0,0,0.0,0.0,1
다사49bb22ba,0,0,0.0,0.0,0,1.0,0.0,1
다사49bb22bb,0,0,0.0,0.0,0,0.0,0.0,1
다사50aa17ba,0,0,0.0,0.0,0,0.0,0.0,1
다사50aa17bb,0,0,0.0,0.0,0,0.0,0.0,1
다사50aa18aa,0,1,0.0,0.0,0,7.0,0.0,1
다사50aa18ab,0,0,0.0,0.0,0,0.0,0.0,1
다사50aa18ba,0,0,0.0,0.0,0,0.0,5.0,1
다사50aa18bb,11,4,0.0,0.04432,0,13.0,42.0,9
다사50aa19aa,25,8,0.0,0.084144,5,95.0,44.0,9
다사50aa19ab,18,0,0.0,0.0,0,97.0,40.0,9
다사50aa19ba,19,0,0.0,0.0,8,64.0,38.0,9
다사50aa19bb,12,0,0.0,0.0,4,33.0,28.0,9
다사50aa20aa,0,0,0.0,0.0,0,1.0,0.0,1
다사50aa20ab,0,5,0.0,0.0,0,0.0,0.0,1
다사50aa20ba,0,13,0.0,0.013504,5,7.0,0.0,1
다사50aa20bb,0,16,0.0,0.0,4,3.0,0.0,1
다사50aa21aa,0,7,0.0,0.0,0,2.0,0.0,1
다사50aa21ab,0,4,0.0,0.0,0,17.0,25.0,1
다사50aa21ba,22,1,0.0,0.025488,10,101.0,61.0,5
다사50aa21bb,3,4,0.0,0.0,0,1.0,7.0,1
다사50aa22aa,0,0,0.0,0.0,0,0.0,0.0,1
다사50aa22ab,0,0,0.0,0.0,0,0.0,0.0,1
다사50aa22ba,0,4,0.0,0.0,0,6.0,0.0,1
다사50aa22bb,0,0,0.0,0.0,0,0.0,0.0,1
다사50ab17ba,0,0,0.0,0.0,0,0.0,0.0,1
다사50ab17bb,0,0,0.0,0.0,0,0.0,0.0,1
다사50ab18aa,0,4,0.0,0.0,3,3.0,0.0,1
다사50ab18ab,8,12,0.02177984,0.062536,2,6.0,2.0,1
다사50ab18ba,0,8,0.00952832,0.0,0,1.0,1.0,1
다사50ab18bb,16,3,0.0,0.0,5,29.0,60.0,5
다사50ab19aa,1,0,0.0,0.0,1,49.0,31.0,1
다사50ab19ab,14,0,0.0,0.0475776,5,198.0,39.0,9
다사50ab19ba,29,0,0.0,0.0420976,4,198.0,58.0,5
다사50ab19bb,12,0,0.0,0.0,1,55.0,9.0,1
다사50ab20aa,7,0,0.0,0.005248,0,4.0,0.0,1
다사50ab20ab,10,1,0.0,0.0,0,4.0,0.0,1
다사50ab20ba,10,5,0.0,0.0,3,11.0,5.0,1
다사50ab20bb,9,6,0.0,0.0,1,10.0,2.0,1
다사50ab21aa,0,0,0.0,0.0,0,0.0,0.0,1
다사50ab21ab,31,11,0.0,0.11952,11,179.0,57.0,5
다사50ab21ba,43,2,0.220864,0.233712,4,164.0,106.0,5
다사50ab21bb,11,9,0.0,0.00528,6,46.0,28.0,9
다사50ab22aa,0,4,0.152832,0.0,0,8.0,27.0,1
다사50ab22ab,0,1,0.0,0.0,0,0.0,1.0,1
다사50ab22ba,0,0,0.0,0.0,0,0.0,0.0,1
다사50ba17ba,0,0,0.0,0.0,0,0.0,0.0,1
다사50ba17bb,0,0,0.0,0.0,0,0.0,0.0,1
다사50ba18aa,0,0,0.0,0.0,0,0.0,0.0,1
다사50ba18ab,10,16,0.008864,0.11592,9,9.0,11.0,9
다사50ba18ba,0,7,0.0,0.0,0,1.0,0.0,1
다사50ba18bb,37,0,0.0,0.0,2,63.0,8.0,9
다사50ba19aa,41,0,0.0,0.0,2,95.0,11.0,2
다사50ba19ab,35,0,0.0,0.1002016,14,190.0,10.0,2
다사50ba19ba,33,0,0.0,0.1384944,6,273.0,39.0,5
다사50ba19bb,35,0,0.0,0.0,11,49.0,8.0,9
다사50ba20aa,17,0,0.0,0.0,0,6.0,0.0,9
다사50ba20ab,0,0,0.0,0.0,0,0.0,0.0,1
다사50ba20ba,0,0,0.0,0.0,0,2.0,0.0,1
다사50ba20bb,6,0,0.0,0.0,0,14.0,0.0,1
다사50ba21aa,10,0,0.0,0.0,1,9.0,3.0,1
다사50ba21ab,25,16,0.008352,0.08965888,5,140.0,92.0,5
다사50ba21ba,20,8,0.006336,0.053632,12,395.0,46.0,4
다사50ba21bb,19,6,0.01601856,0.0,5,35.0,25.0,9
다사50ba22aa,0,4,0.0,0.0,0,2.0,17.0,1
다사50ba22ab,0,5,0.0,0.0,0,0.0,5.0,1
다사50ba22ba,0,1,0.0,0.0,0,1.0,0.0,1
다사50bb17ba,0,0,0.0,0.0,0,0.0,0.0,1
다사50bb17bb,0,0,0.0,0.0,0,1.0,0.0,1
다사50bb18aa,0,0,0.0,0.0,0,1.0,0.0,1
다사50bb18ab,6,1,0.0,0.00528,0,7.0,0.0,1
다사50bb18ba,3,0,0.0,0.013392,3,1.0,0.0,1
다사50bb18bb,15,0,0.0,0.0,1,2.0,0.0,1
다사50bb19aa,27,0,0.0,0.0,1,60.0,4.0,9
다사50bb19ab,18,0,0.0,0.0,1,113.0,34.0,9
다사50bb19ba,26,0,0.0,0.0,11,144.0,41.0,9
다사50bb19bb,29,1,0.0,0.0,6,14.0,9.0,9
다사50bb20aa,7,0,0.0,0.0,0,0.0,0.0,1
다사50bb20ab,0,0,0.0,0.0,0,0.0,0.0,1
다사50bb20ba,0,0,0.0,0.0,0,0.0,0.0,1
다사50bb20bb,0,1,0.0,0.0,0,34.0,0.0,1
다사50bb21aa,1,6,0.0,0.0,0,5.0,1.0,1
다사50bb21ab,6,1,0.0,0.0,0,9.0,8.0,1
다사50bb21ba,10,0,0.0,0.0,0,26.0,4.0,1
다사50bb21bb,3,0,0.0,0.0,0,14.0,7.0,1
다사50bb22aa,0,0,0.0,0.0,0,0.0,0.0,1
다사50bb22ab,0,0,0.0,0.0,0,1.0,0.0,1
다사50bb22ba,0,0,0.0,0.0,0,0.0,0.0,1
다사51aa17ab,0,0,0.0,0.0,0,0.0,0.0,1
다사51aa17ba,0,0,0.0,0.0,0,1.0,0.0,1
다사51aa17bb,0,0,0.0,0.0,0,10.0,0.0,1
다사51aa18aa,0,0,0.0,0.0,0,17.0,2.0,1
다사51aa18ab,0,0,0.0,0.0,0,87.0,0.0,1
다사51aa18ba,10,0,0.0,0.01056,2,76.0,7.0,1
다사51aa18bb,16,0,0.0,0.0,2,8.0,20.0,9
다사51aa19aa,3,0,0.0,0.0,6,5.0,1.0,1
다사51aa19ab,0,0,0.0,0.0,2,44.0,41.0,1
다사51aa19ba,12,0,0.0,0.0,2,70.0,40.0,9
다사51aa19bb,17,0,0.0,0.0,4,39.0,22.0,9
다사51aa20aa,0,1,0.0,0.0,0,7.0,1.0,1
다사51aa20ab,0,0,0.0,0.0,0,0.0,0.0,1
다사51aa20ba,0,2,0.0,0.0,7,1.0,0.0,1
다사51aa20bb,0,0,0.0,0.0,0,3.0,0.0,1
다사51aa21aa,0,0,0.0,0.0,0,3.0,0.0,1
다사51aa21ab,0,0,0.0,0.0,0,6.0,0.0,1
다사51aa21ba,19,0,0.0,0.0,1,19.0,0.0,9
다사51aa21bb,13,0,0.0,0.0,4,0.0,5.0,9
다사51aa22aa,0,0,0.0,0.0,0,0.0,0.0,1
다사51aa22ab,0,1,0.0,0.0,0,2.0,0.0,1
다사51aa22ba,0,0,0.0,0.0,0,0.0,0.0,1
다사51ab16bb,0,1,0.0,0.0,0,0.0,0.0,1
다사51ab17aa,0,0,0.0,0.0,0,0.0,0.0,1
다사51ab17ab,0,0,0.0,0.0,2,0.0,0.0,1
다사51ab17ba,0,0,0.0,0.0,0,2.0,0.0,1
다사51ab17bb,12,0,0.0,0.0,1,80.0,21.0,9
다사51ab18aa,21,0,0.0,0.0,3,61.0,49.0,9
다사51ab18ab,8,0,0.0,0.0,3,50.0,2.0,1
다사51ab18ba,11,2,0.0,0.007008,0,109.0,29.0,9
다사51ab18bb,33,25,0.030144,0.067888,1,179.0,63.0,5
다사51ab19aa,16,3,0.0,0.00888,1,119.0,62.0,5
다사51ab19ab,4,0,0.0,0.01576,1,37.0,21.0,1
다사51ab19ba,42,0,0.0,0.0791872,3,1347.0,42.0,0
다사51ab19bb,17,0,0.0,0.0,6,26.0,16.0,9
다사51ab20aa,11,6,0.0,0.0,8,97.0,34.0,9
다사51ab20ab,0,1,0.0,0.0,0,9.0,1.0,1
다사51ab20ba,0,0,0.0,0.0,0,9.0,0.0,1
다사51ab20bb,0,0,0.0,0.0,0,9.0,0.0,1
다사51ab21aa,0,0,0.0,0.0,0,9.0,0.0,1
다사51ab21ab,5,0,0.0,0.0,0,14.0,0.0,1
다사51ab21ba,31,0,0.0,0.0,0,48.0,9.0,9
다사51ab21bb,19,0,0.0,0.0,4,4.0,24.0,9
다사51ab22aa,12,4,0.0,0.0,0,6.0,17.0,9
다사51ab22ab,19,3,0.0,0.0,0,12.0,68.0,5
다사51ab22ba,7,3,0.0,0.0,3,19.0,4.0,1
다사51ba16ba,0,0,0.0,0.0,0,0.0,0.0,1
다사51ba16bb,0,0,0.0,0.0,0,1.0,0.0,1
다사51ba17aa,0,0,0.0,0.0,0,0.0,0.0,1
다사51ba17ab,0,1,0.0,0.0,0,1.0,0.0,1
다사51ba17ba,0,16,0.0,0.0,7,0.0,0.0,1
다사51ba17bb,22,0,0.0,0.0,10,104.0,30.0,9
다사51ba18aa,27,0,0.0,0.0,4,88.0,53.0,5
다사51ba18ab,8,0,0.0,0.0,3,2.0,12.0,1
다사51ba18ba,34,4,0.001968,0.0566464,17,92.0,58.0,5
다사51ba18bb,25,29,0.03590368,0.188272,29,186.0,57.0,4
다사51ba19aa,29,20,0.0713504,0.03831632,22,205.0,50.0,4
다사51ba19ab,28,0,0.0,0.081056,6,99.0,24.0,9
다사51ba19ba,46,0,0.0,0.2445472,14,526.0,60.0,5
다사51ba19bb,47,0,0.0,0.0148016,7,144.0,86.0,5
다사51ba20aa,24,1,0.0036,0.028592,5,123.0,62.0,5
다사51ba20ab,0,0,0.0,0.0,0,2.0,3.0,1
다사51ba20ba,0,0,0.0,0.0,0,2.0,0.0,1
다사51ba20bb,0,0,0.0,0.0,0,0.0,0.0,1
다사51ba21aa,0,0,0.0,0.0,0,0.0,0.0,1
다사51ba21ab,0,0,0.0,0.0,0,1.0,0.0,1
다사51ba21ba,47,0,0.0,0.0,0,27.0,0.0,2
다사51ba21bb,10,5,0.0,0.0,4,62.0,7.0,1
다사51ba22aa,5,0,0.0,0.0,3,23.0,9.0,1
다사51ba22ab,32,0,0.0,0.0,3,94.0,62.0,5
다사51ba22ba,13,1,0.0,0.0,13,16.0,6.0,9
다사51ba22bb,0,0,0.0,0.0,0,0.0,1.0,1
다사51bb15ba,0,0,0.0,0.0,0,0.0,0.0,1
다사51bb15bb,5,0,0.0,0.036784,0,14.0,0.0,1
다사51bb16aa,18,0,0.0,0.0,2,17.0,0.0,9
다사51bb16ab,0,4,0.0,0.0,0,0.0,0.0,1
다사51bb16ba,0,14,0.021904,0.005424,4,3.0,0.0,1
다사51bb16bb,0,1,0.0,0.0,0,4.0,0.0,1
다사51bb17aa,0,0,0.0,0.0,0,1.0,2.0,1
다사51bb17ab,0,0,0.0,0.0,0,7.0,0.0,1
다사51bb17ba,8,0,0.0,0.0,0,1.0,0.0,1
다사51bb17bb,34,0,0.0,0.0,2,82.0,5.0,9
다사51bb18aa,29,0,0.0,0.0,1,98.0,42.0,9
다사51bb18ab,26,0,0.0,0.0,3,52.0,28.0,9
다사51bb18ba,30,0,0.0,0.0,3,89.0,39.0,9
다사51bb18bb,23,42,0.01616,0.057536,7,138.0,60.0,4
다사51bb19aa,15,37,0.0828436799999999,0.13056208,14,198.0,63.0,4
다사51bb19ab,54,2,0.0,0.0159232,3,164.0,28.0,2
다사51bb19ba,33,0,0.0,0.0,3,171.0,40.0,9
다사51bb19bb,15,0,0.0,0.0,1,17.0,6.0,9
다사51bb20aa,0,4,0.0,0.0,0,3.0,1.0,1
다사51bb20ab,0,1,0.0,0.0,0,1.0,0.0,1
다사51bb20ba,0,2,0.0,0.0,0,1.0,0.0,1
다사51bb20bb,0,3,0.0,0.0155056,0,2.0,0.0,1
다사51bb21aa,0,4,0.0,0.005072,0,0.0,0.0,1
다사51bb21ab,0,0,0.0,0.0,0,4.0,0.0,1
다사51bb21ba,45,0,0.0,0.0,0,9.0,1.0,2
다사51bb21bb,1,6,0.0,0.021776,4,2.0,5.0,1
다사51bb22aa,9,18,0.006352,0.127904,3,48.0,69.0,5
다사51bb22ab,28,1,0.0,0.01096,12,48.0,24.0,9
다사51bb22ba,24,0,0.0,0.0,3,3.0,0.0,9
다사51bb22bb,0,0,0.0,0.0,0,0.0,0.0,1
다사52aa15ba,16,0,0.0,0.060176,0,2.0,11.0,9
다사52aa15bb,12,0,0.0,0.0,0,5.0,2.0,1
다사52aa16aa,5,2,0.0,0.0,0,28.0,7.0,1
다사52aa16ab,24,8,0.0,0.1955384,2,34.0,8.0,9
다사52aa16ba,3,3,0.009104,0.0,0,1.0,0.0,1
다사52aa16bb,0,0,0.0,0.0,0,0.0,0.0,1
다사52aa17aa,0,0,0.0,0.0,0,0.0,0.0,1
다사52aa17ab,2,0,0.0,0.0,0,41.0,7.0,1
다사52aa17ba,30,0,0.0,0.0,1,22.0,6.0,9
다사52aa17bb,21,0,0.0,0.0,1,342.0,8.0,9
다사52aa18aa,21,0,0.0,0.0,1,59.0,0.0,9
다사52aa18ab,13,0,0.0,0.0,1,87.0,1.0,1
다사52aa18ba,24,0,0.0,0.0398511999999999,5,146.0,10.0,9
다사52aa18bb,15,0,0.0,0.0,0,98.0,41.0,9
다사52aa19aa,44,8,0.0,0.116144,12,121.0,46.0,2
다사52aa19ab,52,0,0.0,0.0817776,6,158.0,29.0,2
다사52aa19ba,2,1,0.0,0.0,0,0.0,0.0,1
다사52aa19bb,12,0,0.0,0.0,0,3.0,0.0,1
다사52aa20aa,0,5,0.0,0.0,0,0.0,0.0,1
다사52aa20ab,0,5,0.0,0.0396704,5,13.0,0.0,1
다사52aa20ba,4,13,0.0,0.081808,5,12.0,0.0,1
다사52aa20bb,0,4,0.0,0.029824,0,10.0,0.0,1
다사52aa21aa,0,0,0.0,0.0,0,0.0,0.0,1
다사52aa21ab,4,3,0.0,0.0,0,3.0,8.0,1
다사52aa21ba,31,7,0.0,0.08592,8,62.0,31.0,9
다사52aa21bb,37,14,0.02008,0.244048,11,71.0,48.0,5
다사52aa22aa,28,1,0.0,0.0268,3,68.0,44.0,9
다사52aa22ab,7,0,0.0,0.0,0,0.0,5.0,1
다사52aa22ba,0,0,0.0,0.0,0,17.0,0.0,1
다사52ab15ab,0,0,0.0,0.0,0,0.0,0.0,1
다사52ab15ba,2,0,0.0,0.0,0,0.0,9.0,1
다사52ab15bb,25,1,0.0,0.008336,0,87.0,31.0,9
다사52ab16aa,21,0,0.0,0.039744,3,105.0,48.0,9
다사52ab16ab,24,16,0.035664,0.195824,18,229.0,111.0,5
다사52ab16ba,12,0,0.01072,0.015872,10,91.0,42.0,9
다사52ab16bb,3,0,0.0,0.023984,6,13.0,5.0,1
다사52ab17aa,8,1,0.028016,0.107376,4,12.0,6.0,1
다사52ab17ab,19,7,0.0,0.004592,1,72.0,48.0,9
다사52ab17ba,64,0,0.0,0.0179184,10,120.0,7.0,2
다사52ab17bb,66,0,0.0,0.0574543999999999,3,154.0,14.0,2
다사52ab18aa,49,0,0.0,0.002736,14,205.0,0.0,2
다사52ab18ab,14,0,0.0,0.0,1,36.0,0.0,1
다사52ab18ba,28,0,0.0,0.0489504,7,19.0,0.0,9
다사52ab18bb,18,0,0.0,0.0385584,3,29.0,0.0,9
다사52ab19aa,6,0,0.0,0.0,0,3.0,0.0,1
다사52ab19ab,7,3,0.008496,0.0,0,8.0,0.0,1
다사52ab19ba,6,1,0.0,0.012304,1,4.0,0.0,1
다사52ab19bb,15,0,0.0,0.0,0,6.0,0.0,1
다사52ab20aa,5,0,0.0,0.0,0,6.0,0.0,1
다사52ab20ab,0,6,0.0,0.013056,2,0.0,0.0,1
다사52ab20ba,5,0,0.0,0.0,0,0.0,0.0,1
다사52ab20bb,5,0,0.0,0.0,0,0.0,0.0,1
다사52ab21aa,2,0,0.0,0.0,0,7.0,0.0,1
다사52ab21ab,16,1,0.0,0.00528,0,23.0,6.0,9
다사52ab21ba,18,3,0.0,0.0,5,5.0,2.0,9
다사52ab21bb,26,0,0.0,0.0,9,11.0,0.0,9
다사52ab22aa,0,6,0.0,0.0,0,2.0,0.0,1
다사52ab22ab,0,1,0.0,0.0,0,12.0,1.0,1
다사52ab22ba,31,0,0.0,0.0,4,20.0,8.0,9
다사52ab22bb,5,0,0.0,0.0,0,1.0,2.0,1
다사52ba15ab,0,0,0.0,0.0,0,0.0,3.0,1
다사52ba15ba,0,3,0.0,0.0,0,0.0,0.0,1
다사52ba15bb,26,17,0.004992,0.078128,17,72.0,19.0,4
다사52ba16aa,16,12,0.01832,0.017728,5,66.0,32.0,9
다사52ba16ab,20,12,0.0,0.07224,5,109.0,60.0,5
다사52ba16ba,27,4,0.006208,0.184608,7,140.0,74.0,5
다사52ba16bb,22,3,0.0,0.067712,11,6.0,5.0,9
다사52ba17aa,16,17,0.0,0.056016,1,13.0,1.0,9
다사52ba17ab,12,1,0.0,0.0,6,4.0,0.0,1
다사52ba17ba,30,0,0.0,0.0,1,20.0,2.0,9
다사52ba17bb,23,2,0.0,0.0,1,15.0,22.0,9
다사52ba18aa,22,0,0.0,0.0,1,19.0,0.0,9
다사52ba18ab,0,0,0.0,0.0,0,0.0,0.0,1
다사52ba18ba,0,0,0.0,0.0,0,0.0,0.0,1
다사52ba18bb,0,0,0.0,0.0,4,0.0,0.0,1
다사52ba19aa,0,1,0.0,0.0,0,1.0,0.0,1
다사52ba19ab,0,1,0.0,0.06288,0,2.0,0.0,1
다사52ba19ba,12,0,0.0,0.09008,0,29.0,0.0,1
다사52ba19bb,0,0,0.0,0.0,0,1.0,0.0,1
다사52ba20aa,18,0,0.0,0.0,0,7.0,0.0,9
다사52ba20ab,0,0,0.0,0.0,0,3.0,9.0,1
다사52ba20ba,0,0,0.0,1.3702624,0,20.0,26.0,6
다사52ba20bb,9,5,0.0,0.015232,0,1.0,12.0,1
다사52ba21aa,19,0,0.0,0.0,0,25.0,2.0,9
다사52ba21ab,0,0,0.0,0.0,0,0.0,0.0,1
다사52ba21ba,0,1,0.0,0.0,0,0.0,0.0,1
다사52ba21bb,16,0,0.0,0.0,8,12.0,1.0,9
다사52ba22aa,1,13,0.0,0.0,1,66.0,15.0,1
다사52ba22ab,2,22,0.0,0.019312,19,110.0,50.0,4
다사52ba22ba,45,25,0.003312,0.015344,1,82.0,40.0,2
다사52ba22bb,7,19,0.003152,0.0,5,79.0,77.0,5
다사52ba23aa,4,0,0.0,0.0,0,38.0,39.0,1
다사52ba23ab,0,0,0.0,0.0,0,2.0,11.0,1
다사52ba23ba,0,0,0.0,0.0,0,0.0,0.0,1
다사52ba24aa,0,0,0.0,0.0,0,0.0,0.0,1
다사52ba24ab,0,0,0.0,0.0,0,0.0,0.0,1
다사52bb14ba,0,0,0.0,0.0,0,0.0,3.0,1
다사52bb14bb,0,0,0.02616,0.02616,0,1.0,0.0,1
다사52bb15aa,0,0,0.0,0.0,0,3.0,2.0,1
다사52bb15ab,0,0,0.0,0.0,0,0.0,0.0,1
다사52bb15ba,0,1,0.038096,0.0,0,2.0,8.0,1
다사52bb15bb,39,11,0.006128,0.170096,8,128.0,63.0,5
다사52bb16aa,28,12,0.0458384,0.070544,13,91.0,33.0,9
다사52bb16ab,20,6,0.0,0.0,8,53.0,28.0,9
다사52bb16ba,23,2,0.0,0.0,11,99.0,19.0,9
다사52bb16bb,0,0,0.0,0.0,0,2.0,0.0,1
다사52bb17aa,0,0,0.0,0.0,0,0.0,0.0,1
다사52bb17ab,0,0,0.0,0.0,4,1.0,0.0,1
다사52bb17ba,28,1,0.0,0.0192,4,13.0,29.0,9
다사52bb17bb,35,1,0.0,0.008,0,25.0,84.0,5
다사52bb18aa,16,0,0.0,0.0,0,6.0,14.0,9
다사52bb18ab,0,0,0.0,0.0,0,0.0,0.0,1
다사52bb18ba,0,0,0.0,0.0,0,0.0,0.0,1
다사52bb18bb,0,0,0.0,0.0,0,0.0,2.0,1
다사52bb19aa,0,0,0.0,0.0,0,5.0,0.0,1
다사52bb19ab,8,0,0.0,0.0,0,3.0,3.0,1
다사52bb19ba,29,3,0.00275936,0.119952,1,108.0,36.0,9
다사52bb19bb,23,4,0.0068784,0.086944,0,58.0,22.0,9
다사52bb20aa,24,5,0.0,0.0253024,13,71.0,20.0,9
다사52bb20ab,33,2,0.0,0.0157456,4,98.0,33.0,9
다사52bb20ba,22,1,0.0,0.067872,5,172.0,72.0,5
다사52bb20bb,39,7,0.033888,0.271072,6,76.0,72.0,5
다사52bb21aa,17,3,0.0,0.010544,0,11.0,2.0,9
다사52bb21ab,14,0,0.0,0.0,0,6.0,2.0,1
다사52bb21ba,16,0,0.0,0.0,0,64.0,20.0,9
다사52bb21bb,10,12,0.0,0.009936,0,81.0,28.0,9
다사52bb22aa,0,50,0.014992,0.102432,27,270.0,49.0,7
다사52bb22ab,13,47,0.012032,0.10656,18,255.0,52.0,7
다사52bb22ba,41,31,0.03584656,0.05556944,21,159.0,47.0,4
다사52bb22bb,3,53,0.042848,0.033264,6,160.0,57.0,4
다사52bb23aa,24,4,0.0,0.014752,8,67.0,95.0,5
다사52bb23ab,12,2,0.0,0.0,4,20.0,19.0,9
다사52bb23ba,0,0,0.0,0.0,0,0.0,0.0,1
다사52bb23bb,0,0,0.0,0.0,0,0.0,0.0,1
다사52bb24aa,0,0,0.0,0.0,0,2.0,0.0,1
다사52bb24ab,0,0,0.0,0.0,0,0.0,0.0,1
다사52bb24ba,0,0,0.0,0.0,0,0.0,0.0,1
다사52bb24bb,0,0,0.0,0.0,0,0.0,1.0,1
다사52bb25aa,0,0,0.0,0.0,0,0.0,0.0,1
다사52bb25ab,0,0,0.0,0.0,0,0.0,0.0,1
다사52bb25ba,0,0,0.0,0.0,0,0.0,0.0,1
다사53aa14ba,0,3,0.0,0.038384,0,0.0,1.0,1
다사53aa14bb,0,1,0.0,0.037984,0,7.0,0.0,1
다사53aa15aa,0,0,0.0,0.04096,0,9.0,0.0,1
다사53aa15ab,0,0,0.0,0.06976,3,1.0,2.0,1
다사53aa15ba,15,1,0.0,4.278704,8,3.0,18.0,6
다사53aa15bb,29,2,0.0,0.053664,4,18.0,9.0,9
다사53aa16aa,5,4,0.0,0.077424,5,9.0,0.0,1
다사53aa16ab,3,2,0.0,0.027088,0,0.0,0.0,1
다사53aa16ba,11,0,0.0,0.076336,0,16.0,5.0,1
다사53aa16bb,3,11,0.0,0.0,1,7.0,1.0,1
다사53aa17aa,0,2,0.0,0.0,0,1.0,0.0,1
다사53aa17ab,34,0,0.0,0.034448,4,23.0,1.0,9
다사53aa17ba,76,0,0.0,0.0213375999999999,16,23.0,20.0,2
다사53aa17bb,59,0,0.0,0.21728,4,334.0,32.0,2
다사53aa18aa,21,0,0.0,0.0,0,9.0,9.0,9
다사53aa18ab,10,0,0.0,0.0,2,21.0,0.0,1
다사53aa18ba,15,1,0.0,0.01328,3,10.0,0.0,9
다사53aa18bb,21,1,0.0,0.134408,0,104.0,41.0,9
다사53aa19aa,22,15,0.0,0.0289584,8,139.0,38.0,9
다사53aa19ab,23,29,0.0032368,0.0738288,9,150.0,26.0,4
다사53aa19ba,21,34,0.0188112,0.1181936,10,258.0,48.0,4
다사53aa19bb,16,40,0.0570224,0.0179728,30,193.0,23.0,7
다사53aa20aa,21,33,0.0,0.0839248,5,262.0,29.0,4
다사53aa20ab,36,15,0.002048,0.0749184,6,653.0,75.0,5
다사53aa20ba,23,25,0.0,0.0969551999999999,9,265.0,49.0,4
다사53aa20bb,0,4,0.0,0.0068303999999999,8,13.0,3.0,1
다사53aa21aa,8,4,0.0,0.0,0,11.0,0.0,1
다사53aa21ab,22,0,0.0,0.0,9,54.0,0.0,9
다사53aa21ba,9,0,0.0,0.0,3,26.0,5.0,1
다사53aa21bb,22,0,0.0,0.0,2,22.0,7.0,9
다사53aa22aa,35,21,0.017152,0.206656,5,365.0,58.0,5
다사53aa22ab,40,25,0.2093208,0.29121104,9,1192.0,105.0,0
다사53aa22ba,36,36,0.02248,0.096048,15,186.0,65.0,4
다사53aa22bb,16,49,0.01531168,0.106048,15,184.0,81.0,4
다사53aa23aa,26,15,0.002448,0.0315936,18,91.0,78.0,5
다사53aa23ab,0,5,0.0,0.0,0,1.0,7.0,1
다사53aa23ba,0,3,0.0,0.0,0,0.0,2.0,1
다사53aa23bb,0,0,0.0,0.0,0,0.0,0.0,1
다사53aa24aa,0,0,0.0,0.0,0,0.0,0.0,1
다사53aa24ab,0,1,0.0,0.0,0,1.0,0.0,1
다사53aa24ba,0,0,0.0,0.010384,0,2.0,37.0,1
다사53aa24bb,0,3,0.0,0.035248,0,6.0,19.0,1
다사53aa25aa,0,0,0.0,0.0,0,0.0,0.0,1
다사53aa25ab,0,0,0.0,0.0,0,0.0,0.0,1
다사53aa25ba,0,0,0.0,0.0,0,0.0,0.0,1
다사53aa25bb,0,0,0.0,0.0,0,0.0,0.0,1
다사53ab14ba,0,0,0.0,0.0,3,1.0,0.0,1
다사53ab14bb,0,0,0.0,0.0,0,0.0,1.0,1
다사53ab15aa,0,1,0.0,0.0,10,51.0,21.0,1
다사53ab15ab,7,0,0.0,0.0,5,112.0,25.0,9
다사53ab15ba,22,2,0.0,0.109312,11,18.0,16.0,9
다사53ab15bb,26,7,0.0,0.2370464,11,9.0,1.0,9
다사53ab16aa,28,1,0.0,0.209904,0,14.0,3.0,9
다사53ab16ab,6,4,0.0,0.346416,0,6.0,0.0,1
다사53ab16ba,6,0,0.0,0.254592,0,19.0,7.0,1
다사53ab16bb,12,0,0.0,0.070816,0,33.0,6.0,1
다사53ab17aa,21,0,0.0,0.0,0,4.0,14.0,9
다사53ab17ab,31,8,0.0,0.162256,0,21.0,1.0,9
다사53ab17ba,28,0,0.0,0.096304,0,47.0,13.0,9
다사53ab17bb,29,1,0.0,0.001408,1,159.0,39.0,9
다사53ab18aa,19,0,0.0,0.0,0,8.0,4.0,9
다사53ab18ab,12,0,0.0,0.0,0,6.0,0.0,1
다사53ab18ba,0,0,0.0,0.015696,0,6.0,3.0,1
다사53ab18bb,19,10,0.0,0.195672,4,201.0,52.0,5
다사53ab19aa,18,47,0.0050944,0.188632,12,682.0,59.0,4
다사53ab19ab,14,42,0.0082448,0.1196256,10,320.0,44.0,4
다사53ab19ba,25,17,0.012928,0.1622752,9,377.0,48.0,4
다사53ab19bb,12,42,0.15143728,0.0394256,16,387.0,28.0,4
다사53ab20aa,9,40,0.0991776,0.0263888,29,277.0,19.0,7
다사53ab20ab,36,20,0.0259776,0.0476592,4,245.0,81.0,5
다사53ab20ba,26,20,0.0,0.166776,22,202.0,37.0,4
다사53ab20bb,14,2,0.0,0.015248,8,76.0,10.0,9
다사53ab21aa,0,0,0.0,0.0,7,4.0,1.0,1
다사53ab21ab,17,0,0.0,0.0,0,22.0,0.0,9
다사53ab21ba,0,0,0.0,0.0,0,4.0,0.0,1
다사53ab21bb,0,0,0.0,0.0,0,3.0,0.0,1
다사53ab22aa,6,23,0.021728,0.04688,1,99.0,34.0,9
다사53ab22ab,35,28,0.019344,0.106208,13,191.0,47.0,4
다사53ab22ba,50,0,0.0,0.0332768,11,151.0,68.0,2
다사53ab22bb,40,9,0.003264,0.0624944,20,170.0,43.0,2
다사53ab23aa,35,1,0.0,0.0,13,22.0,25.0,2
다사53ab23ab,13,5,0.0,0.0,0,1.0,0.0,1
다사53ab23ba,0,4,0.0,0.0,0,4.0,2.0,1
다사53ab23bb,0,0,0.0,0.0,0,0.0,0.0,1
다사53ab24aa,0,0,0.0,0.0,0,0.0,0.0,1
다사53ab24ab,0,4,0.0,0.0,0,2.0,0.0,1
다사53ab24ba,0,20,0.0,0.101008,13,5.0,4.0,1
다사53ab24bb,0,5,0.0,0.0,6,0.0,1.0,1
다사53ab25aa,0,3,0.0,0.0,0,0.0,0.0,1
다사53ab25ab,0,1,0.0,0.0,0,3.0,0.0,1
다사53ab25ba,0,0,0.0,0.0,0,0.0,0.0,1
다사53ab25bb,0,0,0.0,0.0,0,0.0,0.0,1
다사53ba14ba,0,0,0.0,0.0,0,0.0,0.0,1
다사53ba14bb,0,1,0.0,0.028784,4,19.0,5.0,1
다사53ba15aa,6,0,0.0,0.0267296,22,132.0,12.0,9
다사53ba15ab,20,0,0.0,0.164432,17,28.0,4.0,9
다사53ba15ba,30,0,0.0,0.0,3,9.0,7.0,9
다사53ba15bb,26,0,0.0,0.076296,0,50.0,10.0,9
다사53ba16aa,37,0,0.0,0.2160352,0,61.0,41.0,9
다사53ba16ab,31,1,0.0,0.172912,1,76.0,18.0,9
다사53ba16ba,26,0,0.0,0.141424,0,51.0,29.0,9
다사53ba16bb,27,13,0.01112,0.063104,4,191.0,72.0,5
다사53ba17aa,17,8,0.0,0.110544,4,97.0,27.0,9
다사53ba17ab,0,0,0.0,0.058272,0,1.0,0.0,1
다사53ba17ba,0,1,0.0,0.0,0,1.0,0.0,1
다사53ba17bb,7,0,0.0,0.0,0,6.0,0.0,1
다사53ba18aa,0,0,0.0,0.0,0,0.0,0.0,1
다사53ba18ab,1,0,0.0,0.0,4,0.0,0.0,1
다사53ba18ba,12,4,0.0,0.178544,5,36.0,11.0,9
다사53ba18bb,12,49,0.0,0.154872,9,261.0,24.0,4
다사53ba19aa,14,44,0.076408,0.157064,7,277.0,40.0,4
다사53ba19ab,0,58,0.0492144,0.0407296,16,205.0,33.0,7
다사53ba19ba,2,55,0.04523104,0.0643104,10,207.0,29.0,7
다사53ba19bb,30,29,0.10056656,0.0402928,31,319.0,61.0,4
다사53ba20aa,13,15,0.0766752,0.180728,18,77.0,20.0,4
다사53ba20ab,5,0,0.0,0.0,10,94.0,7.0,1
다사53ba20ba,29,1,0.0,0.0,14,104.0,35.0,9
다사53ba20bb,17,0,0.0,0.0,0,72.0,38.0,9
다사53ba21aa,17,1,0.0,0.0195792,0,31.0,20.0,9
다사53ba21ab,14,35,0.00192,0.0409296,18,94.0,32.0,4
다사53ba21ba,0,3,0.0,0.0,0,3.0,7.0,1
다사53ba21bb,1,0,0.0,0.0,0,14.0,5.0,1
다사53ba22aa,21,2,0.0,0.0,13,70.0,30.0,9
다사53ba22ab,45,4,0.002576,0.01056,5,66.0,49.0,2
다사53ba22ba,16,0,0.0,0.04908,24,106.0,48.0,5
다사53ba22bb,30,0,0.0,0.0,9,79.0,19.0,9
다사53ba23aa,16,0,0.0,0.0,4,10.0,8.0,9
다사53ba23ab,2,0,0.0,0.0,0,0.0,0.0,1
다사53ba23ba,21,3,0.0,0.032192,0,7.0,0.0,9
다사53ba23bb,1,1,0.0,0.0,0,2.0,1.0,1
다사53ba24aa,0,0,0.0,0.0,0,0.0,0.0,1
다사53ba24ab,0,0,0.0,0.0,0,2.0,7.0,1
다사53ba24ba,0,18,0.0,0.006784,0,6.0,17.0,1
다사53ba24bb,0,14,0.0121248,0.07312,3,4.0,0.0,1
다사53ba25aa,0,5,0.0,0.03344,0,5.0,0.0,1
다사53ba25ab,0,0,0.0,0.0,0,0.0,0.0,1
다사53ba25ba,0,0,0.0,0.0,0,0.0,0.0,1
다사53bb14ba,0,0,0.0,0.0,0,0.0,0.0,1
다사53bb14bb,0,1,0.0,0.0,0,6.0,1.0,1
다사53bb15aa,26,1,0.0,0.034176,3,14.0,3.0,9
다사53bb15ab,5,0,0.0,0.0,4,3.0,4.0,1
다사53bb15ba,42,0,0.0,0.0109136,0,9.0,19.0,2
다사53bb15bb,37,0,0.0,0.0,0,26.0,9.0,9
다사53bb16aa,33,1,0.0,0.0,2,25.0,11.0,9
다사53bb16ab,22,0,0.0,0.0,8,68.0,16.0,9
다사53bb16ba,0,33,0.04443792,0.031488,23,72.0,15.0,7
다사53bb16bb,10,26,0.0214055999999999,0.0801849599999999,10,201.0,78.0,4
다사53bb17aa,16,15,0.014448,0.0372056,5,153.0,40.0,9
다사53bb17ab,0,11,0.0,0.0,0,2.0,6.0,1
다사53bb17ba,0,0,0.0,0.0,0,2.0,0.0,1
다사53bb17bb,8,0,0.0,0.0412,6,11.0,0.0,1
다사53bb18aa,0,0,0.0,0.0,0,0.0,0.0,1
다사53bb18ab,0,0,0.0,0.0,0,1.0,0.0,1
다사53bb18ba,6,0,0.0,0.0,4,10.0,7.0,1
다사53bb18bb,10,27,0.021757856,0.167408,4,40.0,25.0,4
다사53bb19aa,11,46,0.009536,0.063856,19,161.0,40.0,7
다사53bb19ab,8,20,0.009504,0.023856,10,119.0,7.0,9
다사53bb19ba,25,12,0.024192,0.06803504,4,84.0,5.0,9
다사53bb19bb,23,7,0.012216,0.096616,1,120.0,31.0,9
다사53bb20aa,4,48,0.0735270399999999,0.024752,12,116.0,13.0,7
다사53bb20ab,12,3,0.0,0.0,3,57.0,15.0,9
다사53bb20ba,28,0,0.01812672,0.01812672,0,179.0,50.0,5
다사53bb20bb,37,2,0.0,0.101384,5,138.0,69.0,5
다사53bb21aa,24,0,0.0,0.0117808,3,66.0,56.0,5
다사53bb21ab,16,4,0.0120752,0.0388112,5,114.0,56.0,5
다사53bb21ba,5,1,0.0,0.0,1,63.0,40.0,9
다사53bb21bb,34,8,0.016512,0.0499104,7,67.0,19.0,9
다사53bb22aa,34,4,0.0,0.002624,2,47.0,20.0,9
다사53bb22ab,29,0,0.0,0.0,27,137.0,93.0,5
다사53bb22ba,32,0,0.0,0.0,14,86.0,54.0,5
다사53bb22bb,25,0,0.0,0.0,0,40.0,21.0,9
다사53bb23aa,11,0,0.0,0.0,0,2.0,1.0,1
다사53bb23ab,0,0,0.0,0.0,0,1.0,0.0,1
다사53bb23ba,12,7,0.018528,0.03392,5,6.0,4.0,9
다사53bb23bb,14,4,0.0,0.1250784,3,25.0,13.0,9
다사53bb24aa,6,0,0.0,0.0,0,2.0,1.0,1
다사53bb24ab,0,6,0.0,0.093824,0,6.0,5.0,1
다사53bb24ba,0,15,0.0,0.062736,1,15.0,17.0,1
다사53bb24bb,0,1,0.0,0.0,0,0.0,0.0,1
다사53bb25aa,0,0,0.0,0.0,0,0.0,0.0,1
다사53bb25ab,0,0,0.0,0.0,0,0.0,0.0,1
다사53bb25ba,0,0,0.0,0.0,0,0.0,0.0,1
다사54aa14bb,3,7,0.0,0.031488,1,0.0,6.0,1
다사54aa15aa,37,4,0.0,0.1472,3,32.0,1.0,9
다사54aa15ab,23,1,0.0,0.0,8,15.0,2.0,9
다사54aa15ba,32,0,0.0,0.0,0,12.0,4.0,9
다사54aa15bb,19,0,0.0,0.0,4,3.0,4.0,9
다사54aa16aa,34,0,0.0,0.0670288,0,19.0,0.0,9
다사54aa16ab,14,0,0.0,0.0,0,9.0,0.0,1
다사54aa16ba,0,38,0.0138832,0.026,21,66.0,11.0,7
다사54aa16bb,0,47,0.0414044799999999,0.03254144,16,109.0,14.0,7
다사54aa17aa,21,42,0.049968,0.05322528,2,279.0,54.0,4
다사54aa17ab,25,7,0.01584,0.133408,7,31.0,18.0,9
다사54aa17ba,15,17,0.0,0.060144,8,10.0,0.0,9
다사54aa17bb,8,1,0.0,0.0,5,6.0,0.0,1
다사54aa18aa,4,0,0.0,0.0,0,4.0,0.0,1
다사54aa18ab,9,0,0.26656,0.0,4,5.0,2.0,1
다사54aa18ba,10,0,0.0,0.0,10,4.0,5.0,9
다사54aa18bb,0,11,0.0024,0.013264,5,31.0,8.0,1
다사54aa19aa,0,66,0.10536224,0.052352,23,156.0,27.0,7
다사54aa19ab,0,33,0.04716064,0.025296,7,48.0,12.0,4
다사54aa19ba,18,3,0.0,0.0,0,23.0,22.0,9
다사54aa19bb,0,0,0.0,0.0,0,2.0,1.0,1
다사54aa20aa,0,0,0.0,0.0,0,0.0,0.0,1
다사54aa20ab,0,0,0.0,0.0,0,3.0,0.0,1
다사54aa20ba,20,0,0.0,0.0,4,23.0,17.0,9
다사54aa20bb,17,1,0.0,0.0,8,68.0,55.0,5
다사54aa21aa,20,0,0.0,0.0,8,114.0,76.0,5
다사54aa21ab,38,0,0.0,0.0,7,92.0,57.0,5
다사54aa21ba,29,0,0.0,0.0,1,60.0,39.0,9
다사54aa21bb,39,0,0.0,0.0398016,0,172.0,82.0,5
다사54aa22aa,45,0,0.0,0.228976,16,282.0,97.0,5
다사54aa22ab,24,0,0.0,0.0,13,68.0,52.0,5
다사54aa22ba,33,0,0.0,0.0560768,14,76.0,31.0,9
다사54aa22bb,23,0,0.0,0.0,8,18.0,0.0,9
다사54aa23aa,37,0,0.0,0.0,5,32.0,30.0,9
다사54aa23ab,35,0,0.0,0.0,3,19.0,39.0,9
다사54aa23ba,16,9,0.06,0.01264,7,34.0,8.0,9
다사54aa23bb,24,9,0.005296,0.013088,4,47.0,15.0,9
다사54aa24aa,16,1,0.0,0.0,3,77.0,32.0,9
다사54aa24ab,29,17,0.011168,0.198976,24,52.0,33.0,4
다사54aa24ba,12,0,1.25784,0.020288,0,15.0,51.0,9
다사54aa24bb,0,0,0.0,0.0,0,0.0,1.0,1
다사54aa25aa,0,0,0.0,0.0,0,0.0,0.0,1
다사54aa25ab,0,0,0.0,0.0,0,0.0,0.0,1
다사54ab14bb,1,1,0.0,0.034496,0,6.0,6.0,1
다사54ab15aa,7,0,0.0,0.086128,0,8.0,0.0,1
다사54ab15ab,26,0,0.0,0.018528,1,8.0,0.0,9
다사54ab15ba,21,0,0.0,0.0,1,33.0,0.0,9
다사54ab15bb,29,0,0.0,0.3348608,10,3.0,0.0,9
다사54ab16aa,36,0,0.0,0.009936,0,11.0,0.0,9
다사54ab16ab,31,0,0.0,0.0,0,1.0,0.0,9
다사54ab16ba,6,14,0.007488,0.0308,8,139.0,12.0,9
다사54ab16bb,0,60,0.09819744,0.05544,14,150.0,5.0,7
다사54ab17aa,18,16,0.0139654399999999,0.105952,10,888.0,81.0,4
다사54ab17ab,22,3,0.0142809599999999,0.09872,8,70.0,32.0,9
다사54ab17ba,6,8,0.0,0.069296,4,72.0,10.0,1
다사54ab17bb,17,0,0.0,0.022304,5,45.0,0.0,9
다사54ab18aa,0,0,0.0,0.0,0,2.0,0.0,1
다사54ab18ab,0,0,0.410544,0.0,0,0.0,0.0,1
다사54ab18ba,7,0,0.0,0.0,0,1.0,0.0,1
다사54ab18bb,0,1,0.0,0.0,0,5.0,0.0,1
다사54ab19aa,6,56,0.0325424,0.0572128,15,166.0,20.0,7
다사54ab19ab,21,7,0.010464,0.021232,4,114.0,32.0,9
다사54ab19ba,6,0,0.0,0.873872,1,15.0,15.0,1
다사54ab19bb,0,0,0.0,0.0,4,4.0,1.0,1
다사54ab20aa,0,0,0.0,0.0,0,3.0,0.0,1
다사54ab20ab,0,0,0.0,0.0,10,0.0,0.0,1
다사54ab20ba,15,0,0.0,0.029824,12,33.0,24.0,9
다사54ab20bb,46,0,0.0,0.0,17,85.0,83.0,5
다사54ab21aa,26,0,0.0,0.0,9,47.0,62.0,5
다사54ab21ab,26,0,0.0,0.0,8,70.0,59.0,5
다사54ab21ba,29,0,0.0,0.0,9,80.0,53.0,5
다사54ab21bb,29,0,0.0,0.0,6,95.0,22.0,9
다사54ab22aa,28,0,0.0,0.0,4,33.0,12.0,9
다사54ab22ab,39,0,0.0,0.0,17,57.0,16.0,2
다사54ab22ba,22,0,0.0,0.01224,4,43.0,8.0,9
다사54ab22bb,0,0,0.0,0.0,0,3.0,0.0,1
다사54ab23aa,10,0,0.0,0.0,0,77.0,79.0,5
다사54ab23ab,11,0,0.0,0.010576,17,127.0,40.0,9
다사54ab23ba,26,1,0.0,0.677056,0,48.0,35.0,9
다사54ab23bb,29,1,0.0,0.081536,4,76.0,44.0,9
다사54ab24aa,22,23,0.002016,0.083808,6,32.0,23.0,9
다사54ab24ab,23,0,0.0,0.02456,0,14.0,22.0,9
다사54ab24ba,7,0,0.0,0.0,0,8.0,18.0,1
다사54ab24bb,0,0,0.0,0.0,0,0.0,0.0,1
다사54ab25aa,2,0,0.0,0.741536,0,18.0,6.0,1
다사54ab25ab,13,0,0.0,0.0,18,17.0,4.0,9
다사54ab25ba,7,0,0.0,0.0,0,30.0,0.0,1
다사54ba14bb,0,0,0.0,0.0,0,0.0,0.0,1
다사54ba15aa,0,0,0.0,0.019696,1,2.0,0.0,1
다사54ba15ab,3,1,0.0,0.0,0,1.0,0.0,1
다사54ba15ba,12,0,0.0,0.01024,0,10.0,0.0,1
다사54ba15bb,22,0,0.0,0.01976,0,10.0,0.0,9
다사54ba16aa,34,0,0.0,0.0190944,0,34.0,0.0,9
다사54ba16ab,21,0,0.0,0.0,0,5.0,0.0,9
다사54ba16ba,18,4,0.001904,0.0,6,23.0,12.0,9
다사54ba16bb,8,3,0.0,0.044896,5,17.0,1.0,1
다사54ba17aa,10,8,0.0,0.316128,0,23.0,42.0,9
다사54ba17ab,14,7,0.0,0.190704,0,83.0,25.0,9
다사54ba17ba,0,4,0.0,0.05296,19,10.0,2.0,1
다사54ba17bb,8,0,0.0,0.0,3,112.0,0.0,1
다사54ba18aa,5,0,0.037968,0.0,0,72.0,0.0,1
다사54ba18ab,13,0,0.0,0.0,4,6.0,1.0,1
다사54ba18ba,24,9,0.0,0.0,21,36.0,12.0,9
다사54ba18bb,33,11,0.0,0.002208,4,24.0,14.0,9
다사54ba19aa,20,0,0.0,0.0,5,2.0,0.0,9
다사54ba19ab,20,0,0.0,0.0,0,15.0,0.0,9
다사54ba19ba,0,0,0.0,0.0,0,0.0,0.0,1
다사54ba19bb,0,0,0.0,0.0,0,0.0,0.0,1
다사54ba20aa,0,0,0.0,0.0,0,2.0,0.0,1
다사54ba20ab,6,6,0.0,0.0,0,25.0,6.0,1
다사54ba20ba,2,0,0.0,0.0,0,73.0,27.0,1
다사54ba20bb,42,0,1.07056,0.0,19,92.0,68.0,5
다사54ba21aa,37,0,0.0,0.0101712,12,103.0,73.0,5
다사54ba21ab,29,0,0.0,0.0,3,26.0,28.0,9
다사54ba21ba,39,0,0.0,0.0,28,47.0,29.0,2
다사54ba21bb,32,0,0.0,0.0,14,63.0,33.0,9
다사54ba22aa,17,0,0.0,0.0,12,70.0,29.0,9
다사54ba22ab,3,0,0.0,0.0,3,31.0,10.0,1
다사54ba22ba,26,1,0.0,0.0,4,39.0,9.0,9
다사54ba22bb,0,14,0.0,0.0,0,6.0,2.0,1
다사54ba23aa,10,8,0.0,0.0,0,40.0,19.0,1
다사54ba23ab,18,7,0.014672,0.0272224,9,95.0,44.0,9
다사54ba23ba,30,18,0.0541952,0.0427408,10,566.0,41.0,4
다사54ba23bb,20,0,0.0,0.03912,0,28.0,47.0,9
다사54ba24aa,16,1,0.0,0.0,0,14.0,24.0,9
다사54ba24ab,22,0,0.0,0.044928,0,54.0,58.0,5
다사54ba24ba,15,3,0.003568,0.047024,2,41.0,52.0,9
다사54ba24bb,19,0,0.056256,0.00376,3,54.0,25.0,9
다사54ba25aa,16,0,0.0,0.0,8,17.0,22.0,9
다사54ba25ab,2,0,0.0,0.0,3,12.0,8.0,1
다사54ba25ba,0,0,0.0,0.0,0,0.0,0.0,1
다사54ba25bb,0,0,0.0,0.0,0,0.0,0.0,1
다사54bb14bb,0,0,0.0,0.0,0,1.0,0.0,1
다사54bb15aa,0,0,0.0,0.0,0,0.0,0.0,1
다사54bb15ab,0,0,0.0,0.0,0,0.0,0.0,1
다사54bb15ba,0,0,0.0,0.0,0,0.0,0.0,1
다사54bb15bb,0,0,0.0,0.0,0,1.0,0.0,1
다사54bb16aa,12,8,0.0,0.044128,0,13.0,3.0,1
다사54bb16ab,16,7,0.0,0.114256,5,12.0,0.0,9
다사54bb16ba,21,0,0.0,0.014928,5,14.0,12.0,9
다사54bb16bb,17,8,0.0,0.136384,4,8.0,3.0,9
다사54bb17aa,15,14,0.0,0.144816,3,21.0,9.0,9
다사54bb17ab,20,1,0.0,0.1644,0,81.0,17.0,9
다사54bb17ba,28,3,0.085088,0.028992,1,30.0,14.0,9
다사54bb17bb,25,6,0.0,0.005712,24,21.0,1.0,9
다사54bb18aa,36,6,0.0,0.014864,3,23.0,0.0,9
다사54bb18ab,6,37,0.03357728,0.004704,11,100.0,8.0,4
다사54bb18ba,0,53,0.11616464,0.0737216,11,125.0,16.0,7
다사54bb18bb,10,43,0.0572478399999999,0.108528,14,87.0,32.0,4
다사54bb19aa,2,0,0.026256,0.00816,0,16.0,5.0,1
다사54bb19ab,17,0,0.0,0.0,5,19.0,0.0,9
다사54bb19ba,0,0,0.0,0.0,0,0.0,0.0,1
다사54bb19bb,0,0,0.0,0.0,0,1.0,0.0,1
다사54bb20aa,0,0,0.0,0.0,0,0.0,1.0,1
다사54bb20ab,14,0,0.0,0.0,7,32.0,18.0,9
다사54bb20ba,19,3,0.0,0.0,3,73.0,80.0,5
다사54bb20bb,35,0,0.0,0.2192752,21,296.0,124.0,5
다사54bb21aa,4,0,0.0,0.0,0,4.0,58.0,9
다사54bb21ab,15,0,0.0,0.0,5,16.0,14.0,9
다사54bb21ba,40,0,0.0,0.0112016,21,100.0,36.0,2
다사54bb21bb,16,0,0.0,0.0,30,83.0,25.0,4
다사54bb22aa,13,0,0.0,0.0,0,90.0,24.0,9
다사54bb22ab,15,15,0.01056,0.110864,30,140.0,42.0,4
다사54bb22ba,9,43,0.0459025599999999,0.06410224,17,234.0,25.0,7
다사54bb22bb,7,46,0.0148,0.032288,0,60.0,17.0,4
다사54bb23aa,16,42,0.0830688,0.1148864,16,305.0,42.0,4
다사54bb23ab,13,43,0.06557856,0.06353056,28,282.0,46.0,7
다사54bb23ba,15,30,0.0705952,0.0738416,19,299.0,34.0,4
다사54bb23bb,5,0,0.0,0.0,0,33.0,17.0,1
다사54bb24aa,0,0,0.0,0.0,0,2.0,13.0,1
다사54bb24ab,0,5,0.0,0.0,0,5.0,3.0,1
다사54bb24ba,0,2,0.0,0.026608,0,12.0,3.0,1
다사54bb24bb,6,3,0.0,0.072256,0,9.0,6.0,1
다사54bb25aa,1,0,0.0,0.0,0,0.0,0.0,1
다사54bb25ab,0,0,0.0,0.0,0,0.0,0.0,1
다사54bb25ba,0,0,0.0,0.0,0,0.0,0.0,1
다사54bb25bb,0,0,0.0,0.0,0,0.0,0.0,1
다사54bb26aa,0,0,0.0,0.0,0,0.0,0.0,1
다사55aa14ba,0,0,0.0,0.0,0,0.0,0.0,1
다사55aa14bb,0,0,0.0,0.0,0,2.0,0.0,1
다사55aa15aa,0,0,0.0,0.0,0,0.0,0.0,1
다사55aa15ab,0,0,0.0,0.0,0,0.0,0.0,1
다사55aa15ba,0,0,0.0,0.0,0,0.0,0.0,1
다사55aa15bb,0,0,0.0,0.0,0,0.0,0.0,1
다사55aa16aa,0,0,0.0,0.0,0,1.0,0.0,1
다사55aa16ab,0,2,0.0,0.0,0,1.0,0.0,1
다사55aa16ba,0,0,0.0,0.0,0,1.0,0.0,1
다사55aa16bb,0,4,0.0,0.0,0,1.0,0.0,1
다사55aa17aa,0,11,0.0,0.035824,3,10.0,0.0,1
다사55aa17ab,11,1,0.0,0.083472,7,29.0,0.0,1
다사55aa17ba,29,12,0.031616,0.061792,17,46.0,3.0,9
다사55aa17bb,14,25,0.0093344,0.081832,9,120.0,18.0,4
다사55aa18aa,33,17,0.027408,0.044736,8,117.0,21.0,9
다사55aa18ab,14,35,0.0859528,0.037488,9,71.0,9.0,4
다사55aa18ba,22,32,0.03921888,0.032848,24,101.0,25.0,4
다사55aa18bb,34,11,0.0,0.019232,4,106.0,41.0,9
다사55aa19aa,40,6,0.03160576,0.25656,5,110.0,52.0,5
다사55aa19ab,30,0,0.0,0.05696,0,28.0,2.0,9
다사55aa19ba,5,0,0.0,0.0,0,10.0,5.0,1
다사55aa19bb,25,5,0.0,0.0186944,4,100.0,21.0,9
다사55aa20aa,24,27,0.01531008,0.012,15,131.0,38.0,4
다사55aa20ab,12,17,0.015264,0.04450336,15,96.0,36.0,4
다사55aa20ba,24,0,0.021616,0.017536,18,116.0,43.0,5
다사55aa20bb,31,0,0.0,0.0338144,1,115.0,41.0,9
다사55aa21aa,19,0,0.0,0.0,0,1124.0,34.0,4
다사55aa21ab,5,0,0.0,0.0,4,6.0,26.0,1
다사55aa21ba,32,0,0.0,0.0,1,74.0,38.0,9
다사55aa21bb,34,0,0.0,0.0665728,20,296.0,66.0,5
다사55aa22aa,21,0,0.0,0.0421792,10,326.0,53.0,5
다사55aa22ab,14,2,0.0,0.0,13,148.0,41.0,9
다사55aa22ba,8,14,0.02576928,0.008528,9,259.0,46.0,4
다사55aa22bb,16,7,0.004224,0.014432,10,240.0,48.0,5
다사55aa23aa,18,30,0.1614009599999999,0.2094032,28,802.0,55.0,4
다사55aa23ab,6,58,0.1648129599999999,0.16441808,12,327.0,54.0,7
다사55aa23ba,17,35,0.0566624,0.0532896,18,122.0,49.0,4
다사55aa23bb,6,2,0.004128,0.0,0,34.0,4.0,1
다사55aa24aa,0,0,0.0,0.0,0,1.0,0.0,1
다사55aa24ab,0,0,0.0,0.0,0,0.0,0.0,1
다사55aa24ba,0,1,0.0,0.0,0,0.0,0.0,1
다사55aa24bb,0,0,0.0,0.026448,0,0.0,0.0,1
다사55aa25aa,2,0,0.0,0.030768,0,1.0,0.0,1
다사55aa25ab,0,0,0.0,0.0,0,0.0,0.0,1
다사55aa25ba,0,0,0.0,0.0,0,0.0,0.0,1
다사55aa25bb,0,0,0.0,0.0,0,0.0,0.0,1
다사55aa26aa,0,0,0.0,0.0,0,0.0,0.0,1
다사55aa26ab,0,0,0.0,0.0,0,0.0,0.0,1
다사55ab14aa,0,0,0.0,0.0,0,0.0,0.0,1
다사55ab14ab,0,0,0.0,0.0,0,0.0,0.0,1
다사55ab14ba,0,0,0.0,0.0,0,0.0,0.0,1
다사55ab14bb,0,0,0.0,0.0,0,0.0,0.0,1
다사55ab15aa,0,0,0.0,0.0,0,0.0,0.0,1
다사55ab15ab,0,0,0.0,0.0,0,0.0,0.0,1
다사55ab15ba,0,0,0.0,0.0,0,0.0,0.0,1
다사55ab15bb,0,0,0.0,0.0,0,0.0,0.0,1
다사55ab16aa,0,0,0.0,0.0,0,0.0,0.0,1
다사55ab16ab,0,0,0.0,0.0,0,0.0,0.0,1
다사55ab16ba,0,0,0.0,0.0,0,0.0,0.0,1
다사55ab16bb,0,0,0.0,0.0,0,0.0,0.0,1
다사55ab17aa,0,0,0.0,0.0,0,0.0,0.0,1
다사55ab17ab,0,0,0.0,0.027568,3,4.0,0.0,1
다사55ab17ba,5,2,0.0,0.06912,3,14.0,17.0,1
다사55ab17bb,25,16,0.0,0.129248,8,95.0,45.0,5
다사55ab18aa,41,16,0.020064,0.126528,17,153.0,15.0,2
다사55ab18ab,47,0,0.0,0.901392,3,134.0,51.0,2
다사55ab18ba,17,1,0.0,0.0,2,177.0,58.0,5
다사55ab18bb,24,1,0.0,0.0,15,43.0,17.0,9
다사55ab19aa,42,5,0.0,0.023392,0,123.0,24.0,2
다사55ab19ab,36,0,0.0,0.045072,4,58.0,8.0,9
다사55ab19ba,21,0,0.0,0.0,0,13.0,16.0,9
다사55ab19bb,5,29,0.0332608,0.0273024,22,139.0,32.0,4
다사55ab20aa,5,55,0.064295904,0.0256352,36,191.0,17.0,7
다사55ab20ab,8,40,0.084408,0.06932672,25,324.0,33.0,7
다사55ab20ba,31,9,0.0412415999999999,0.067104,15,186.0,19.0,9
다사55ab20bb,6,0,0.0,0.003072,11,33.0,0.0,1
다사55ab21aa,17,0,0.0,0.0,4,38.0,8.0,9
다사55ab21ab,12,0,0.0,0.0,0,84.0,49.0,9
다사55ab21ba,17,2,0.0100512,0.0114767999999999,12,206.0,31.0,9
다사55ab21bb,25,5,0.0047056,0.0046672,7,120.0,26.0,9
다사55ab22aa,29,10,0.0,0.0563551999999999,10,458.0,38.0,4
다사55ab22ab,18,0,0.0,0.0,29,131.0,27.0,4
다사55ab22ba,17,1,0.0,0.006352,10,114.0,32.0,9
다사55ab22bb,14,15,0.085352,0.086056,14,220.0,37.0,4
다사55ab23aa,8,45,0.10414472,0.05812896,27,298.0,23.0,7
다사55ab23ab,17,27,0.0679424,0.2099568,22,238.0,61.0,4
다사55ab23ba,9,36,0.05658096,0.054976,28,177.0,24.0,7
다사55ab23bb,6,11,0.015696,0.00968,9,115.0,4.0,1
다사55ab24aa,0,0,0.0,0.0,0,1.0,0.0,1
다사55ab24ab,0,0,0.0,0.0,0,1.0,0.0,1
다사55ab24ba,0,0,0.0,0.0,0,0.0,0.0,1
다사55ab24bb,0,0,0.0,0.0,0,0.0,0.0,1
다사55ab25aa,0,0,0.0,0.0,0,0.0,0.0,1
다사55ab25ab,0,0,0.0,0.0,0,0.0,0.0,1
다사55ab25ba,0,0,0.0,0.0,0,0.0,0.0,1
다사55ab25bb,0,0,0.0,0.0,0,0.0,0.0,1
다사55ab26aa,0,0,0.0,0.0,0,0.0,0.0,1
다사55ab26ab,0,0,0.0,0.0,0,0.0,0.0,1
다사55ab26ba,0,0,0.0,0.0,0,0.0,0.0,1
다사55ba14aa,0,0,0.0,0.0,0,0.0,0.0,1
다사55ba14ab,0,0,0.0,0.0,0,0.0,0.0,1
다사55ba14ba,0,0,0.0,0.0,0,2.0,0.0,1
다사55ba14bb,0,0,0.0,0.0,0,4.0,2.0,1
다사55ba15aa,0,0,0.0,0.0,0,0.0,0.0,1
다사55ba15ab,0,0,0.0,0.0,0,0.0,0.0,1
다사55ba15ba,0,0,0.0,0.0,0,0.0,0.0,1
다사55ba15bb,0,0,0.0,0.0,0,0.0,0.0,1
다사55ba16aa,0,0,0.0,0.0,0,0.0,0.0,1
다사55ba16ab,0,0,0.0,0.0,0,0.0,0.0,1
다사55ba16ba,0,0,0.0,0.0,0,0.0,0.0,1
다사55ba16bb,0,0,0.0,0.0,0,0.0,0.0,1
다사55ba17aa,0,0,0.0,0.0,0,0.0,0.0,1
다사55ba17ab,0,0,0.0,0.0,5,0.0,0.0,1
다사55ba17ba,0,0,0.0,0.0,0,1.0,0.0,1
다사55ba17bb,24,0,0.0,0.006848,2,146.0,4.0,9
다사55ba18aa,22,4,0.0,0.07376,4,55.0,22.0,9
다사55ba18ab,61,9,0.0,0.3284064,3,67.0,39.0,2
다사55ba18ba,3,0,0.0,1.420992,8,1676.0,184.0,0
다사55ba18bb,23,15,0.0294256,0.05291792,9,1680.0,127.0,0
다사55ba19aa,31,14,0.0483488,0.0590784,4,440.0,25.0,9
다사55ba19ab,12,1,0.0,0.0,0,31.0,8.0,1
다사55ba19ba,0,0,0.0,0.0,0,2.0,9.0,1
다사55ba19bb,0,15,0.0141728,0.0072768,5,62.0,4.0,1
다사55ba20aa,8,44,0.10959232,0.15552,31,560.0,32.0,7
다사55ba20ab,0,23,0.0425472,0.0034704,25,174.0,16.0,4
다사55ba20ba,0,0,0.0,0.0,0,25.0,5.0,1
다사55ba20bb,0,1,0.160672,0.157536,14,11.0,4.0,1
다사55ba21aa,19,15,0.037568,0.0,13,84.0,30.0,9
다사55ba21ab,17,28,0.06646848,0.14085728,12,289.0,56.0,4
다사55ba21ba,3,61,0.176821424,0.05172784,12,345.0,30.0,7
다사55ba21bb,15,24,0.1387152,0.1098864,13,337.0,33.0,4
다사55ba22aa,37,10,0.0191615999999999,0.031376,3,152.0,24.0,9
다사55ba22ab,0,0,0.0,0.0,5,15.0,2.0,1
다사55ba22ba,9,0,0.033728,0.067824,4,53.0,11.0,1
다사55ba22bb,10,43,0.097008,0.051976,25,250.0,23.0,7
다사55ba23aa,7,47,0.08193024,0.1192582399999999,25,292.0,32.0,7
다사55ba23ab,9,43,0.08099488,0.1106656,15,163.0,21.0,7
다사55ba23ba,14,26,0.046448,0.0156016,13,122.0,6.0,4
다사55ba23bb,10,12,0.138464,0.104784,5,12.0,15.0,9
다사55ba24aa,3,2,0.0,0.01568,5,2.0,5.0,1
다사55ba24ab,0,0,0.0,0.0,0,0.0,0.0,1
다사55ba24ba,0,0,0.0,0.0,0,0.0,0.0,1
다사55ba24bb,0,0,0.0,0.0,0,0.0,0.0,1
다사55ba25aa,0,0,0.0,0.0,0,0.0,0.0,1
다사55ba25ab,0,0,0.0,0.0,0,0.0,0.0,1
다사55ba25ba,0,0,0.0,0.0,0,0.0,0.0,1
다사55ba25bb,0,0,0.0,0.0,0,0.0,0.0,1
다사55ba26aa,0,0,0.0,0.0,0,0.0,0.0,1
다사55ba26ab,0,0,0.0,0.0,0,0.0,0.0,1
다사55ba26ba,0,0,0.0,0.0,0,0.0,0.0,1
다사55bb14ab,0,0,0.0,0.0,0,0.0,0.0,1
다사55bb14ba,0,0,0.0,0.0,0,0.0,0.0,1
다사55bb14bb,0,0,0.0,0.0,0,0.0,0.0,1
다사55bb15aa,0,0,0.0,0.0,0,0.0,0.0,1
다사55bb15ab,0,0,0.0,0.0,0,0.0,0.0,1
다사55bb15ba,0,0,0.0,0.0,0,0.0,0.0,1
다사55bb15bb,0,0,0.0,0.0,0,0.0,0.0,1
다사55bb16aa,0,0,0.0,0.0,0,0.0,0.0,1
다사55bb16ab,0,0,0.0,0.0,0,0.0,0.0,1
다사55bb16ba,0,0,0.0,0.0,0,0.0,0.0,1
다사55bb16bb,0,0,0.0,0.0,0,0.0,0.0,1
다사55bb17aa,0,0,0.0,0.0,0,0.0,0.0,1
다사55bb17ab,0,0,0.0,0.0,3,1.0,0.0,1
다사55bb17ba,0,0,0.0,0.0,0,0.0,0.0,1
다사55bb17bb,23,0,0.0,0.051312,3,23.0,5.0,9
다사55bb18aa,14,0,0.0,0.0,0,34.0,8.0,1
다사55bb18ab,53,19,0.0089584,0.0099376,37,201.0,26.0,2
다사55bb18ba,38,6,0.155296,0.21849104,18,2459.0,96.0,0
다사55bb18bb,12,9,0.1553744,0.22574848,37,4465.0,98.0,0
다사55bb19aa,6,36,0.06607072,0.0513295999999999,36,1570.0,16.0,0
다사55bb19ab,27,31,0.04139568,0.03023856,21,837.0,22.0,4
다사55bb19ba,14,23,0.01225216,0.023152,8,110.0,8.0,9
다사55bb19bb,16,20,0.0253136,0.019576,8,74.0,21.0,9
다사55bb20aa,11,38,0.1805232,0.2945616,35,490.0,58.0,7
다사55bb20ab,0,38,0.04922864,0.0121248,26,322.0,12.0,7
다사55bb20ba,0,1,0.0,0.004656,3,62.0,5.0,1
다사55bb20bb,0,0,0.0,0.0,0,27.0,6.0,1
다사55bb21aa,14,19,0.03567616,0.0344511999999999,17,151.0,30.0,4
다사55bb21ab,20,41,0.122344,0.3312752,16,516.0,50.0,4
다사55bb21ba,12,33,0.4505055999999999,0.087032,7,241.0,24.0,4
다사55bb21bb,2,50,0.11653936,0.0667008,32,320.0,23.0,7
다사55bb22aa,28,43,0.0723616,0.0199568,18,122.0,30.0,4
다사55bb22ab,7,8,0.016432,0.0064608,9,61.0,2.0,1
다사55bb22ba,5,4,0.0,0.2234143999999999,23,156.0,9.0,4
다사55bb22bb,12,34,0.14791792,0.0924416,28,309.0,31.0,7
다사55bb23aa,26,20,0.15212,0.2629104,26,234.0,66.0,4
다사55bb23ab,14,45,0.0749728,0.031376,36,147.0,36.0,7
다사55bb23ba,3,16,0.016432,0.007104,9,37.0,16.0,1
다사55bb23bb,0,3,0.0,0.329248,0,1.0,14.0,1
다사55bb24aa,8,13,0.042832,0.135216,5,15.0,7.0,1
다사55bb24ab,0,5,0.0,0.050752,0,16.0,0.0,1
다사55bb24ba,0,0,0.0,0.0,0,1.0,0.0,1
다사55bb24bb,0,0,0.0,0.0,0,0.0,0.0,1
다사55bb25aa,0,0,0.0,0.0,0,0.0,0.0,1
다사55bb25ab,0,0,0.0,0.0,0,0.0,0.0,1
다사55bb25ba,0,0,0.0,0.0,0,0.0,0.0,1
다사55bb25bb,0,0,0.0,0.0,0,0.0,0.0,1
다사55bb26aa,0,0,0.0,0.0,0,0.0,0.0,1
다사55bb26ab,0,0,0.0,0.0,0,0.0,0.0,1
다사55bb26ba,0,0,0.0,0.0,0,0.0,0.0,1
다사56aa14ab,0,0,0.0,0.0,0,0.0,0.0,1
다사56aa14ba,0,0,0.0,0.0,0,0.0,0.0,1
다사56aa14bb,0,0,0.0,0.0,0,0.0,0.0,1
다사56aa15aa,0,0,0.0,0.0,0,0.0,0.0,1
다사56aa15ab,0,0,0.0,0.0,0,1.0,0.0,1
다사56aa15ba,0,0,0.0,0.0,0,0.0,0.0,1
다사56aa15bb,0,0,0.0,0.0,0,0.0,0.0,1
다사56aa16aa,0,0,0.0,0.0,0,0.0,0.0,1
다사56aa16ab,0,0,0.0,0.0,0,0.0,0.0,1
다사56aa16ba,0,0,0.0,0.0,0,1.0,0.0,1
다사56aa16bb,2,1,0.0,0.0,0,3.0,4.0,1
다사56aa17aa,22,15,0.0,0.10256,9,53.0,8.0,9
다사56aa17ab,11,4,0.0,0.047344,12,45.0,2.0,9
다사56aa17ba,6,0,0.0,0.044672,4,43.0,21.0,1
다사56aa17bb,30,18,0.02388656,0.0236368,13,98.0,25.0,4
다사56aa18aa,40,6,0.0090204799999999,0.02442448,16,166.0,14.0,2
다사56aa18ab,20,41,0.040024288,0.01700656,29,157.0,24.0,7
다사56aa18ba,0,17,0.0,0.002832,22,231.0,18.0,4
다사56aa18bb,20,41,0.1725304,0.2533380799999999,29,2062.0,58.0,0
다사56aa19aa,13,43,0.0658336,0.1183951999999999,48,2563.0,27.0,0
다사56aa19ab,15,47,0.06350048,0.0519711999999999,34,314.0,7.0,7
다사56aa19ba,16,47,0.05654384,0.0427856,34,231.0,3.0,7
다사56aa19bb,3,27,0.03227664,0.00268,22,109.0,11.0,4
다사56aa20aa,12,33,0.02692416,0.09354512,20,280.0,26.0,4
다사56aa20ab,14,33,0.0932163199999999,0.0660384,24,279.0,30.0,4
다사56aa20ba,5,33,0.06408576,0.1004576,25,222.0,15.0,7
다사56aa20bb,7,21,0.04151824,0.0337456,12,149.0,20.0,4
다사56aa21aa,20,31,0.0978031999999999,0.1239488,11,333.0,23.0,4
다사56aa21ab,14,37,0.15578912,0.1566943999999999,18,235.0,36.0,4
다사56aa21ba,5,31,0.2446886399999999,0.077648,6,225.0,30.0,4
다사56aa21bb,9,36,0.1023743999999999,0.0241264,23,215.0,31.0,7
다사56aa22aa,52,64,0.09696648,0.06597008,22,274.0,33.0,7
다사56aa22ab,32,63,0.0833984,0.0813616,18,227.0,26.0,7
다사56aa22ba,5,32,0.09041808,0.0428992,21,188.0,31.0,4
다사56aa22bb,14,31,0.0701056,0.1234223999999999,13,506.0,62.0,4
다사56aa23aa,11,1,0.0090904,0.0496,13,199.0,57.0,5
다사56aa23ab,13,14,0.01258816,0.027072,14,86.0,60.0,5
다사56aa23ba,12,20,0.01552,0.058832,12,16.0,13.0,9
다사56aa23bb,0,2,0.0,0.0,0,4.0,2.0,1
다사56aa24aa,0,0,0.0,0.0,0,0.0,0.0,1
다사56aa24ab,0,7,0.0,0.019472,3,3.0,0.0,1
다사56aa24ba,0,0,0.0,0.0,2,0.0,0.0,1
다사56aa24bb,0,0,0.0,0.0,0,0.0,0.0,1
다사56aa25aa,0,0,0.0,0.0,0,0.0,0.0,1
다사56aa25ab,0,0,0.0,0.0,0,0.0,0.0,1
다사56aa25ba,0,0,0.0,0.0,0,0.0,0.0,1
다사56aa25bb,0,0,0.0,0.0,0,1.0,0.0,1
다사56aa26aa,0,0,0.0,0.0,0,0.0,0.0,1
다사56aa26ab,0,0,0.0,0.0,0,0.0,0.0,1
다사56aa26ba,0,0,0.0,0.0,0,0.0,0.0,1
다사56aa26bb,0,0,0.0,0.0,0,0.0,0.0,1
다사56ab14ab,0,0,0.0,0.0,0,1.0,0.0,1
다사56ab14ba,0,0,0.0,0.0,0,0.0,0.0,1
다사56ab14bb,0,0,0.0,0.0,0,0.0,0.0,1
다사56ab15aa,0,0,0.0,0.0,0,0.0,0.0,1
다사56ab15ab,0,0,0.0,0.0,0,0.0,0.0,1
다사56ab15ba,0,0,0.0,0.0,0,0.0,0.0,1
다사56ab15bb,0,0,0.0,0.0,0,2.0,0.0,1
다사56ab16aa,0,0,0.0,0.0,0,0.0,0.0,1
다사56ab16ab,0,0,0.0,0.0,0,0.0,1.0,1
다사56ab16ba,0,0,0.0,0.0,0,0.0,0.0,1
다사56ab16bb,2,13,0.0,0.07096,8,34.0,9.0,1
다사56ab17aa,9,42,0.00472,0.081776,31,146.0,15.0,7
다사56ab17ab,28,37,0.05093616,0.049056,23,146.0,38.0,4
다사56ab17ba,52,19,0.0140463999999999,0.0135936,21,148.0,26.0,2
다사56ab17bb,35,20,0.03345696,0.01268128,19,313.0,19.0,4
다사56ab18aa,32,12,0.0468784,0.064896,19,191.0,31.0,4
다사56ab18ab,29,30,0.0546071999999999,0.093632,36,248.0,42.0,7
다사56ab18ba,5,51,0.02055296,0.01748096,39,172.0,19.0,7
다사56ab18bb,8,49,0.02398736,0.050048,47,205.0,20.0,7
다사56ab19aa,39,19,0.0708608,0.1068096,30,792.0,46.0,4
다사56ab19ab,18,52,0.04583728,0.0350271999999999,38,248.0,5.0,7
다사56ab19ba,4,26,0.0374144,0.005712,13,99.0,1.0,4
다사56ab19bb,10,17,0.04517152,0.034408,17,71.0,1.0,4
다사56ab20aa,7,13,0.02772448,0.014752,17,73.0,1.0,9
다사56ab20ab,3,11,0.02053584,0.0090964799999999,11,51.0,3.0,1
다사56ab20ba,9,8,0.00632,0.060064,7,42.0,10.0,9
다사56ab20bb,31,14,0.0841616,0.0823696,6,323.0,43.0,5
다사56ab21aa,5,40,0.0412928,0.04912,14,306.0,17.0,4
다사56ab21ab,7,42,0.08412,0.0776256,19,304.0,8.0,7
다사56ab21ba,16,27,0.2067992,0.1906167999999999,19,244.0,36.0,4
다사56ab21bb,8,36,0.1011984,0.08584704,19,301.0,45.0,4
다사56ab22aa,22,8,0.0252192,0.0233744,10,217.0,36.0,9
다사56ab22ab,18,8,0.0143872,0.0785648,5,203.0,30.0,9
다사56ab22ba,16,28,0.0818896,0.1624464,21,406.0,86.0,4
다사56ab22bb,11,0,0.0,0.3547744,1,246.0,53.0,5
다사56ab23aa,9,0,0.0,0.0,5,176.0,59.0,5
다사56ab23ab,1,1,0.209296,0.0,0,3.0,15.0,1
다사56ab23ba,0,11,0.0,0.0,5,2.0,10.0,1
다사56ab23bb,6,5,0.0,0.014144,0,9.0,0.0,1
다사56ab24aa,1,0,0.0,0.0,0,2.0,0.0,1
다사56ab24ab,0,1,0.0,0.0,0,0.0,0.0,1
다사56ab24ba,0,6,0.0,0.0,0,2.0,0.0,1
다사56ab24bb,0,0,0.0,0.0,0,1.0,0.0,1
다사56ab25aa,0,0,0.0,0.0,4,0.0,0.0,1
다사56ab25ab,0,0,0.0,0.0,0,1.0,0.0,1
다사56ab25ba,0,0,0.0,0.0,0,0.0,0.0,1
다사56ab25bb,0,0,0.0,0.0,0,0.0,0.0,1
다사56ab26aa,0,0,0.0,0.0,0,0.0,0.0,1
다사56ab26ab,0,0,0.0,0.0,0,0.0,0.0,1
다사56ab26ba,0,0,0.0,0.0,0,0.0,0.0,1
다사56ab26bb,0,0,0.0,0.0,0,0.0,0.0,1
다사56ba14ab,0,0,0.0,0.0,0,0.0,3.0,1
다사56ba14ba,0,0,0.0,0.0,0,0.0,0.0,1
다사56ba14bb,0,0,0.0,0.0,0,0.0,0.0,1
다사56ba15aa,0,0,0.0,0.0,0,0.0,0.0,1
다사56ba15ab,0,0,0.0,0.0,0,0.0,0.0,1
다사56ba15ba,0,0,0.0,0.0,0,0.0,0.0,1
다사56ba15bb,0,0,0.0,0.0,0,0.0,0.0,1
다사56ba16aa,0,0,0.0,0.0,0,0.0,8.0,1
다사56ba16ab,0,0,0.0,0.0,0,0.0,16.0,1
다사56ba16ba,0,3,0.01096,0.0,4,14.0,4.0,1
다사56ba16bb,6,28,0.02908272,0.056048,3,113.0,31.0,4
다사56ba17aa,14,40,0.08126888,0.08936,5,188.0,33.0,4
다사56ba17ab,42,26,0.01892752,0.1395312,20,565.0,70.0,4
다사56ba17ba,13,37,0.06661984,0.0208655999999999,14,329.0,26.0,4
다사56ba17bb,27,16,0.07589448,0.1083904,14,354.0,23.0,4
다사56ba18aa,19,41,0.0592376,0.0131136,37,190.0,23.0,7
다사56ba18ab,38,22,0.02588192,0.05870512,10,221.0,32.0,4
다사56ba18ba,29,12,0.008816,0.0205952,4,184.0,19.0,9
다사56ba18bb,16,7,0.002592,0.009648,8,53.0,5.0,9
다사56ba19aa,29,21,0.02543552,0.06194976,10,202.0,32.0,4
다사56ba19ab,37,11,0.026736,0.017184,16,99.0,2.0,2
다사56ba19ba,9,0,0.0,0.0,4,113.0,2.0,1
다사56ba19bb,7,0,0.0,0.873008,9,19.0,0.0,1
다사56ba20aa,0,0,0.0,1.9347144,4,11.0,0.0,6
다사56ba20ab,0,0,0.0,0.0,0,12.0,0.0,1
다사56ba20ba,6,20,0.01551776,0.02419696,19,66.0,5.0,4
다사56ba20bb,25,31,0.033596688,0.04744688,14,234.0,13.0,4
다사56ba21aa,12,35,0.0805443199999999,0.0730783999999999,20,289.0,13.0,4
다사56ba21ab,6,43,0.17905224,0.19494024,31,537.0,28.0,7
다사56ba21ba,23,22,0.09580752,0.1437472,26,536.0,75.0,4
다사56ba21bb,18,34,0.059504,0.036284,11,932.0,42.0,4
다사56ba22aa,10,4,0.0016832,0.0111104,0,93.0,10.0,1
다사56ba22ab,8,0,0.0,0.057656,0,50.0,20.0,1
다사56ba22ba,19,27,0.1129968,0.1413984,19,371.0,47.0,4
다사56ba22bb,19,0,0.0,0.03136,9,210.0,29.0,9
다사56ba23aa,7,0,0.0,0.0052896,5,131.0,66.0,5
다사56ba23ab,14,6,0.238336,0.0944,5,18.0,17.0,9
다사56ba23ba,0,15,0.2004,0.019936,3,10.0,23.0,1
다사56ba23bb,0,1,0.0,0.0,0,13.0,3.0,1
다사56ba24aa,0,0,0.0,0.0,0,0.0,0.0,1
다사56ba24ab,0,0,0.0,0.0,0,0.0,0.0,1
다사56ba24ba,0,0,0.0,0.0,0,0.0,0.0,1
다사56ba24bb,0,0,0.0,0.0,0,0.0,0.0,1
다사56ba25aa,0,3,0.0,0.0,0,0.0,0.0,1
다사56ba25ab,0,1,0.0,0.0,0,1.0,0.0,1
다사56ba25ba,0,0,0.0,0.0,0,0.0,0.0,1
다사56ba25bb,0,0,0.0,0.0,0,0.0,0.0,1
다사56ba26aa,0,0,0.0,0.0,0,0.0,0.0,1
다사56ba26ab,0,0,0.0,0.0,0,0.0,0.0,1
다사56ba26ba,0,0,0.0,0.0,0,0.0,0.0,1
다사56ba26bb,0,0,0.0,0.0,0,0.0,0.0,1
다사56ba27aa,0,0,0.0,0.0,3,0.0,0.0,1
다사56ba27ab,0,0,0.0,0.0,0,0.0,0.0,1
다사56bb14aa,0,0,0.0,0.0,0,0.0,0.0,1
다사56bb14ab,0,0,0.0,0.0,0,0.0,0.0,1
다사56bb14ba,0,0,0.0,0.0,0,0.0,0.0,1
다사56bb14bb,0,0,0.0,0.0,0,0.0,0.0,1
다사56bb15aa,0,0,0.0,0.0,0,0.0,0.0,1
다사56bb15ab,0,0,0.0,0.0,0,0.0,0.0,1
다사56bb15ba,0,0,0.0,0.0,0,0.0,0.0,1
다사56bb15bb,0,0,0.0,0.0,0,1.0,5.0,1
다사56bb16aa,8,2,0.007112,0.0293207999999999,0,42.0,50.0,9
다사56bb16ab,13,7,0.0024608,0.1180912,0,214.0,61.0,5
다사56bb16ba,14,17,0.030152,0.0708976,7,233.0,33.0,4
다사56bb16bb,8,42,0.0745488,0.0756176,26,414.0,26.0,7
다사56bb17aa,38,45,0.05517264,0.0719139199999999,14,333.0,55.0,4
다사56bb17ab,6,46,0.0818550399999999,0.01816,24,279.0,43.0,7
다사56bb17ba,0,69,0.03927208,0.010032,34,234.0,13.0,7
다사56bb17bb,18,42,0.05259296,0.0210304,7,285.0,23.0,4
다사56bb18aa,15,46,0.08471832,0.05174496,15,310.0,42.0,4
다사56bb18ab,34,19,0.024092,0.1049631999999999,16,260.0,21.0,4
다사56bb18ba,31,13,0.0170415999999999,0.07777392,19,151.0,29.0,4
다사56bb18bb,3,1,0.015984,0.02,5,100.0,6.0,1
다사56bb19aa,13,19,0.05784,0.03687344,10,743.0,18.0,4
다사56bb19ab,28,23,0.06533904,0.03777552,18,254.0,35.0,4
다사56bb19ba,0,19,0.030916,0.06025024,13,74.0,1.0,1
다사56bb19bb,0,5,0.007456,0.011808,10,34.0,0.0,1
다사56bb20aa,3,44,0.087744272,0.012992,20,107.0,2.0,7
다사56bb20ab,3,5,0.027152,0.025776,5,158.0,11.0,1
다사56bb20ba,23,20,0.0814016,0.05316032,22,103.0,21.0,4
다사56bb20bb,26,46,0.0480662399999999,0.06044704,20,202.0,16.0,7
다사56bb21aa,22,11,0.06486048,0.06921888,10,404.0,51.0,5
다사56bb21ab,31,30,0.2372448,0.2619696,18,2429.0,82.0,0
다사56bb21ba,17,45,0.12990872,0.1044736,12,698.0,22.0,4
다사56bb21bb,11,77,0.03687152,0.0272432,13,136.0,30.0,7
다사56bb22aa,21,30,0.0779663999999999,0.093168,5,260.0,51.0,4
다사56bb22ab,10,47,0.14919344,0.1622688,16,283.0,23.0,7
다사56bb22ba,3,42,0.250168,0.0574528,17,227.0,26.0,7
다사56bb22bb,21,31,0.0439856,0.0488816,20,258.0,25.0,4
다사56bb23aa,31,6,0.0,0.065536,9,95.0,47.0,5
다사56bb23ab,14,4,0.0,0.025152,0,45.0,23.0,9
다사56bb23ba,0,0,0.0,0.0,0,4.0,1.0,1
다사56bb23bb,0,0,0.0,0.0,0,4.0,0.0,1
다사56bb24aa,0,0,0.0,0.0,0,0.0,0.0,1
다사56bb24ab,0,0,0.0,0.0,0,0.0,0.0,1
다사56bb24ba,0,0,0.0,0.0,0,0.0,0.0,1
다사56bb24bb,0,4,0.0,0.0,0,0.0,1.0,1
다사56bb25aa,0,3,0.0,0.0,0,0.0,1.0,1
다사56bb25ab,0,7,0.0,0.018976,5,15.0,0.0,1
다사56bb25ba,0,7,0.0,0.003184,0,4.0,0.0,1
다사56bb25bb,0,1,0.0,0.007584,0,1.0,0.0,1
다사56bb26aa,0,0,0.0,0.0,0,0.0,0.0,1
다사56bb26ab,0,0,0.0,0.0,0,0.0,0.0,1
다사56bb26ba,0,0,0.0,0.0,0,0.0,0.0,1
다사56bb26bb,0,0,0.0,0.0,0,0.0,0.0,1
다사56bb27aa,0,0,0.0,0.0,0,0.0,0.0,1
다사56bb27ab,0,0,0.0,0.0,0,0.0,0.0,1
다사56bb27ba,0,0,0.0,0.0,0,0.0,0.0,1
다사56bb27bb,0,0,0.0,0.0,0,1.0,0.0,1
다사57aa14aa,0,0,0.0,0.0,0,0.0,0.0,1
다사57aa14ab,0,0,0.0,0.0,0,0.0,0.0,1
다사57aa14ba,0,0,0.0,0.0,0,0.0,0.0,1
다사57aa14bb,0,0,0.0,0.0,0,0.0,0.0,1
다사57aa15aa,0,2,0.0,0.219968,0,0.0,0.0,1
다사57aa15ab,1,6,0.0,0.125472,0,2.0,2.0,1
다사57aa15ba,22,0,0.0,0.108528,0,6.0,1.0,9
다사57aa15bb,39,6,0.0,0.076488,1,114.0,16.0,9
다사57aa16aa,17,40,0.03592608,0.073416,18,541.0,39.0,4
다사57aa16ab,16,23,0.0478927999999999,0.1237936,11,341.0,43.0,4
다사57aa16ba,18,40,0.02507504,0.0555168,16,177.0,26.0,4
다사57aa16bb,22,30,0.0296208,0.0961664,2,298.0,64.0,4
다사57aa17aa,30,35,0.0521552,0.0605312,14,436.0,44.0,4
다사57aa17ab,6,47,0.0856128,0.044936,5,454.0,74.0,4
다사57aa17ba,12,38,0.1228528,0.0804688,20,400.0,58.0,4
다사57aa17bb,7,52,0.04283856,0.05590176,21,595.0,29.0,7
다사57aa18aa,10,33,0.01999952,0.025984,9,250.0,25.0,4
다사57aa18ab,6,49,0.0,0.243024,0,81.0,16.0,4
다사57aa18ba,20,2,0.0,0.04127504,9,197.0,33.0,9
다사57aa18bb,35,0,0.005312,0.022576,12,172.0,27.0,2
다사57aa19aa,34,33,0.017424,0.05390768,29,293.0,34.0,4
다사57aa19ab,28,24,0.09664,0.06671776,22,558.0,56.0,4
다사57aa19ba,37,17,0.1478712,0.2563340799999999,7,732.0,41.0,4
다사57aa19bb,26,7,0.226084,0.18240912,13,876.0,67.0,4
다사57aa20aa,26,47,0.1692368,0.21849984,31,1004.0,56.0,7
다사57aa20ab,19,16,0.1029823999999999,0.0817088,6,406.0,34.0,4
다사57aa20ba,21,27,0.1508744,0.14016,10,208.0,91.0,5
다사57aa20bb,30,45,0.143664,0.1148048,40,358.0,40.0,7
다사57aa21aa,19,16,0.156224,0.067088,18,371.0,31.0,4
다사57aa21ab,17,44,0.06782416,0.06235216,15,430.0,36.0,4
다사57aa21ba,11,50,0.08584688,0.031776,23,275.0,35.0,7
다사57aa21bb,26,40,0.016512,0.083996,7,233.0,24.0,4
다사57aa22aa,4,36,0.10495136,0.0186928,9,132.0,8.0,4
다사57aa22ab,3,55,0.10643712,0.101616,31,395.0,35.0,7
다사57aa22ba,11,45,0.145539544,0.150504,34,363.0,31.0,7
다사57aa22bb,18,8,0.0235967999999999,0.0482847999999999,13,189.0,27.0,9
다사57aa23aa,12,0,0.0,0.020592,8,23.0,20.0,9
다사57aa23ab,0,0,0.0,0.0,0,1.0,3.0,1
다사57aa23ba,0,5,0.0,0.0,2,1.0,0.0,1
다사57aa23bb,0,4,0.0,0.0,0,5.0,0.0,1
다사57aa24aa,0,1,0.0,0.0,0,0.0,1.0,1
다사57aa24ab,14,3,0.0,0.0,0,8.0,1.0,1
다사57aa24ba,13,3,0.010896,0.0,0,4.0,0.0,1
다사57aa24bb,11,1,0.0,0.0,0,1.0,3.0,1
다사57aa25aa,11,2,0.0,0.0,4,3.0,0.0,1
다사57aa25ab,12,2,0.0,0.00528,0,9.0,0.0,1
다사57aa25ba,13,5,0.0168849599999999,0.0,4,7.0,0.0,1
다사57aa25bb,6,8,0.01168,0.019248,1,37.0,2.0,1
다사57aa26aa,6,3,0.0028,0.004816,1,55.0,0.0,1
다사57aa26ab,1,9,0.0,0.004544,8,16.0,0.0,1
다사57aa26ba,0,5,0.0,0.0,0,39.0,0.0,1
다사57aa26bb,0,0,0.0,0.0,3,1.0,0.0,1
다사57aa27aa,0,0,0.0,0.0,0,0.0,0.0,1
다사57aa27ab,0,0,0.0,0.0,0,0.0,0.0,1
다사57aa27ba,0,0,0.0,0.0,0,1.0,0.0,1
다사57aa27bb,0,0,0.0,0.0,4,0.0,0.0,1
다사57aa28aa,0,0,0.0,0.0,0,0.0,0.0,1
다사57ab14aa,0,0,0.0,0.0,0,0.0,0.0,1
다사57ab14ab,0,0,0.0,0.0,0,0.0,0.0,1
다사57ab14ba,0,0,0.0,0.0,0,0.0,0.0,1
다사57ab14bb,14,0,0.0,0.035616,0,3.0,7.0,1
다사57ab15aa,39,7,0.0,0.049792,1,15.0,7.0,9
다사57ab15ab,29,1,0.0,0.066464,3,48.0,31.0,9
다사57ab15ba,27,0,0.0,0.039936,6,37.0,2.0,9
다사57ab15bb,45,0,0.0,0.0,5,26.0,1.0,2
다사57ab16aa,24,0,0.0,0.0,9,7.0,3.0,9
다사57ab16ab,21,0,0.0,0.0,15,46.0,11.0,9
다사57ab16ba,19,0,0.0,0.0,9,55.0,37.0,9
다사57ab16bb,49,0,0.0,0.8448976,3,374.0,128.0,5
다사57ab17aa,24,24,0.017368,0.1577712,11,492.0,63.0,4
다사57ab17ab,25,32,0.05296208,0.1389296,14,521.0,63.0,4
다사57ab17ba,26,36,0.08249024,0.1370656,17,595.0,35.0,4
다사57ab17bb,2,56,0.1144764799999999,0.1046512,23,619.0,36.0,7
다사57ab18aa,25,30,0.0384902399999999,0.1365423999999999,11,297.0,31.0,4
다사57ab18ab,7,71,0.0370271999999999,0.006112,10,159.0,11.0,7
다사57ab18ba,11,1,0.00776,0.00776,5,51.0,10.0,9
다사57ab18bb,0,0,0.0,0.0,0,10.0,7.0,1
다사57ab19aa,14,0,0.0,0.0,0,55.0,6.0,1
다사57ab19ab,13,6,0.02146656,0.026432,10,74.0,9.0,9
다사57ab19ba,33,36,0.11400848,0.15746272,22,602.0,32.0,4
다사57ab19bb,17,17,0.0366024,0.1397807999999999,17,1090.0,27.0,4
다사57ab20aa,26,28,0.04617776,0.06417312,21,419.0,8.0,4
다사57ab20ab,35,27,0.05592,0.0515008,24,518.0,10.0,4
다사57ab20ba,20,8,2.36072,0.02564,11,168.0,12.0,9
다사57ab20bb,14,3,0.0198784,0.0,11,48.0,21.0,9
다사57ab21aa,14,18,0.0076288,0.0065888,18,220.0,17.0,4
다사57ab21ab,18,60,0.097816,0.059256,32,163.0,32.0,7
다사57ab21ba,29,23,0.0323752,0.05103856,5,208.0,44.0,4
다사57ab21bb,5,0,0.0,0.0,0,30.0,19.0,1
다사57ab22aa,13,17,0.0194262399999999,0.008352,8,30.0,17.0,9
다사57ab22ab,11,60,0.1005296,0.04682048,26,348.0,24.0,7
다사57ab22ba,17,28,0.06307152,0.01312,24,147.0,32.0,4
다사57ab22bb,9,0,0.0,0.033856,1,95.0,20.0,1
다사57ab23aa,8,2,0.0,0.0,4,4.0,7.0,1
다사57ab23ab,0,5,0.0,0.036768,0,8.0,0.0,1
다사57ab23ba,0,0,0.0,0.0,0,0.0,0.0,1
다사57ab23bb,1,0,0.0,0.023008,0,6.0,13.0,1
다사57ab24aa,14,2,0.012416,0.016864,0,22.0,19.0,9
다사57ab24ab,7,14,0.0,0.00336,0,10.0,0.0,1
다사57ab24ba,0,0,0.0,0.0,0,0.0,0.0,1
다사57ab24bb,0,0,0.0,0.0,0,0.0,0.0,1
다사57ab25aa,0,0,0.0,0.0,0,0.0,0.0,1
다사57ab25ab,0,0,0.0,0.0,0,0.0,0.0,1
다사57ab25ba,0,6,0.0,0.0,0,0.0,0.0,1
다사57ab25bb,0,0,0.0,0.0,0,0.0,0.0,1
다사57ab26aa,0,0,0.0,0.00978624,0,2.0,0.0,1
다사57ab26ab,6,3,0.0,0.003616,4,10.0,0.0,1
다사57ab26ba,1,0,0.0,0.0,0,0.0,0.0,1
다사57ab26bb,0,0,0.0,0.0,0,0.0,0.0,1
다사57ab27aa,0,0,0.0,0.0,0,0.0,0.0,1
다사57ab27ab,0,0,0.0,0.0,0,0.0,0.0,1
다사57ab27ba,0,0,0.0,0.0,0,0.0,0.0,1
다사57ab27bb,0,0,0.0,0.0,0,0.0,0.0,1
다사57ab28aa,0,0,0.0,0.0,0,0.0,0.0,1
다사57ba14aa,0,0,0.0,0.0,0,0.0,1.0,1
다사57ba14ab,0,2,0.0,0.0,0,8.0,25.0,1
다사57ba14ba,7,3,0.0,0.02472,0,28.0,4.0,1
다사57ba14bb,24,9,0.0,0.0635904,4,21.0,27.0,9
다사57ba15aa,17,11,0.0068592,0.0173344,15,100.0,58.0,5
다사57ba15ab,56,0,0.0,0.007408,6,11.0,5.0,2
다사57ba15ba,26,0,0.0,0.0,0,12.0,0.0,9
다사57ba15bb,13,0,0.0,0.0,3,12.0,9.0,9
다사57ba16aa,14,0,0.0,0.0,4,16.0,6.0,9
다사57ba16ab,15,0,0.0,0.0,4,9.0,0.0,9
다사57ba16ba,12,0,0.0,0.0,0,30.0,24.0,9
다사57ba16bb,38,4,0.0,0.0764352,11,343.0,84.0,5
다사57ba17aa,18,0,0.0,0.0621572223999999,11,245.0,46.0,5
다사57ba17ab,14,19,0.0365888,0.0616441599999999,15,235.0,60.0,4
다사57ba17ba,26,28,0.0416111999999999,0.1959249599999999,13,299.0,49.0,4
다사57ba17bb,31,31,0.0701856,0.22556,14,740.0,43.0,4
다사57ba18aa,24,31,0.0845312,0.1612816,9,365.0,39.0,4
다사57ba18ab,22,35,0.04512,0.1031808,19,256.0,47.0,4
다사57ba18ba,6,34,0.0313392,0.0566,4,151.0,35.0,4
다사57ba18bb,7,10,0.025432,0.0351152,2,112.0,18.0,1
다사57ba19aa,20,1,0.0,0.0140352,0,143.0,24.0,9
다사57ba19ab,0,3,0.0,0.0,0,5.0,0.0,1
다사57ba19ba,11,19,0.06326352,0.1344955199999999,23,361.0,37.0,4
다사57ba19bb,3,75,0.03326416,0.03688176,42,103.0,4.0,7
다사57ba20aa,6,80,0.10933416,0.011184,31,173.0,1.0,7
다사57ba20ab,0,80,0.03411728,0.021392,29,65.0,2.0,7
다사57ba20ba,14,46,0.0538144,0.0464648,12,892.0,5.0,4
다사57ba20bb,4,50,0.0279568,0.01317872,43,73.0,3.0,7
다사57ba21aa,7,25,0.016848,0.003936,10,91.0,9.0,4
다사57ba21ab,25,45,0.0666624,0.0692112,25,956.0,21.0,7
다사57ba21ba,22,38,0.1263792,0.035904,31,199.0,28.0,7
다사57ba21bb,24,19,0.02144144,0.05168,10,139.0,31.0,4
다사57ba22aa,11,10,0.01104,0.0,4,177.0,23.0,9
다사57ba22ab,9,17,0.034352,0.009616,16,171.0,11.0,4
다사57ba22ba,2,14,0.123696,0.008688,8,140.0,0.0,1
다사57ba22bb,4,0,0.0,0.0,0,3.0,0.0,1
다사57ba23aa,5,0,0.0,0.0,0,2.0,0.0,1
다사57ba23ab,0,5,0.0,0.0,9,3.0,0.0,1
다사57ba23ba,0,0,0.0,0.0,0,3.0,0.0,1
다사57ba23bb,15,6,0.0,0.0,8,29.0,17.0,9
다사57ba24aa,0,3,0.0,0.0,0,4.0,0.0,1
다사57ba24ab,0,3,0.0,0.0,0,2.0,0.0,1
다사57ba24ba,0,7,0.0,0.003088,4,8.0,0.0,1
다사57ba24bb,0,0,0.0,0.0,0,0.0,0.0,1
다사57ba25aa,0,0,0.0,0.0,0,0.0,0.0,1
다사57ba25ab,0,0,0.0,0.0,0,0.0,0.0,1
다사57ba25ba,0,2,0.0,0.006816,0,0.0,0.0,1
다사57ba25bb,0,0,0.0,0.0,0,0.0,0.0,1
다사57ba26aa,0,0,0.0,0.0,0,0.0,0.0,1
다사57ba26ab,0,0,0.0,0.0,0,0.0,0.0,1
다사57ba26ba,6,0,0.0,0.0,4,0.0,0.0,1
다사57ba26bb,0,0,0.0,0.0,0,0.0,0.0,1
다사57ba27aa,0,0,0.0,0.0,0,0.0,0.0,1
다사57ba27ab,0,0,0.0,0.0,0,0.0,0.0,1
다사57ba27ba,0,0,0.0,0.0,0,0.0,0.0,1
다사57ba27bb,0,0,0.0,0.0,0,0.0,0.0,1
다사57ba28aa,0,0,0.0,0.0,0,1.0,0.0,1
다사57bb14ab,0,0,0.0,0.0,0,0.0,0.0,1
다사57bb14ba,0,0,0.0,0.0,0,6.0,1.0,1
다사57bb14bb,9,11,0.0,0.1803632,4,16.0,4.0,1
다사57bb15aa,22,43,0.0,0.1191216,33,282.0,38.0,7
다사57bb15ab,43,10,0.0,0.0263072,11,182.0,49.0,2
다사57bb15ba,9,0,0.0,0.0,4,67.0,12.0,1
다사57bb15bb,23,0,0.0,0.0,8,32.0,8.0,9
다사57bb16aa,12,0,0.0,0.0,0,62.0,18.0,9
다사57bb16ab,19,0,0.0,0.0,4,44.0,12.0,9
다사57bb16ba,28,0,0.0,0.0,0,50.0,18.0,9
다사57bb16bb,14,6,0.0,0.01408,10,143.0,40.0,9
다사57bb17aa,6,3,0.0,0.01287088,15,157.0,46.0,9
다사57bb17ab,9,3,0.0135216,0.0453311999999999,5,118.0,77.0,5
다사57bb17ba,9,31,0.0441264,0.1198256,21,597.0,38.0,4
다사57bb17bb,18,27,0.0191968,0.1199312,11,421.0,46.0,4
다사57bb18aa,14,23,0.025088,0.0989968,10,776.0,45.0,4
다사57bb18ab,28,15,0.1855631999999999,0.1357567999999999,10,390.0,71.0,5
다사57bb18ba,29,24,0.0463728,0.1380047999999999,16,485.0,75.0,4
다사57bb18bb,19,28,0.0726144,0.185216,23,399.0,52.0,4
다사57bb19aa,24,32,0.0266847999999999,0.1855152,19,289.0,23.0,4
다사57bb19ab,2,27,0.02047936,0.04082448,21,131.0,10.0,4
다사57bb19ba,8,21,0.0316504,0.019824,16,114.0,11.0,4
다사57bb19bb,17,31,0.06739824,0.0587844799999999,34,205.0,17.0,7
다사57bb20aa,9,69,0.05387184,0.05036592,36,216.0,6.0,7
다사57bb20ab,11,48,0.05066624,0.079312,27,291.0,12.0,7
다사57bb20ba,0,68,0.0332984,0.005072,50,238.0,10.0,7
다사57bb20bb,3,74,0.03907104,0.0542936,34,68.0,7.0,7
다사57bb21aa,13,0,0.0085136,0.2121007999999999,0,72.0,26.0,9
다사57bb21ab,36,7,0.0163712,0.0138112,5,112.0,34.0,9
다사57bb21ba,2,34,0.15444352,0.002728,27,195.0,25.0,7
다사57bb21bb,38,17,0.12775776,0.074408,25,358.0,33.0,4
다사57bb22aa,16,0,0.0,0.0,0,16.0,24.0,9
다사57bb22ab,9,4,0.0,0.039456,4,22.0,3.0,1
다사57bb22ba,0,0,0.0,0.0,0,0.0,0.0,1
다사57bb22bb,0,0,0.0,0.0,0,0.0,0.0,1
다사57bb23aa,0,1,0.0,0.0,0,0.0,0.0,1
다사57bb23ab,0,1,0.0,0.0,0,0.0,0.0,1
다사57bb23ba,25,0,0.0,0.0,0,8.0,1.0,9
다사57bb23bb,0,3,0.0,0.0,0,3.0,0.0,1
다사57bb24aa,0,11,0.0,0.0,0,1.0,0.0,1
다사57bb24ab,0,2,0.0,0.0,0,0.0,0.0,1
다사57bb24ba,0,3,0.0,0.0,0,0.0,0.0,1
다사57bb24bb,0,2,0.0,0.0,0,0.0,0.0,1
다사57bb25aa,0,0,0.0,0.0,0,0.0,0.0,1
다사57bb25ab,0,0,0.0,0.0,0,0.0,0.0,1
다사57bb25ba,0,0,0.0,0.0,0,0.0,0.0,1
다사57bb25bb,0,0,0.0,0.0,0,0.0,0.0,1
다사57bb26aa,0,0,0.0,0.0,0,0.0,0.0,1
다사57bb26ab,0,0,0.0,0.0,0,0.0,0.0,1
다사57bb26ba,0,0,0.0,0.0,0,0.0,0.0,1
다사57bb26bb,0,0,0.0,0.0,0,0.0,0.0,1
다사57bb27aa,0,0,0.0,0.0,0,0.0,0.0,1
다사57bb27ab,0,0,0.0,0.0,0,0.0,0.0,1
다사57bb27ba,0,0,0.0,0.0,0,0.0,0.0,1
다사57bb27bb,0,0,0.0,0.0,0,0.0,0.0,1
다사58aa14ba,0,0,0.0,0.0,0,0.0,0.0,1
다사58aa14bb,0,17,0.0,0.239248,0,5.0,0.0,1
다사58aa15aa,26,8,0.0,0.2758528,15,208.0,41.0,5
다사58aa15ab,18,4,0.0,0.0327248,4,255.0,55.0,5
다사58aa15ba,31,19,0.0,0.0931951999999999,11,388.0,43.0,4
다사58aa15bb,25,5,0.0,0.0076144,9,85.0,44.0,9
다사58aa16aa,13,0,0.0,0.0,0,116.0,41.0,9
다사58aa16ab,1,0,0.0,0.0,3,43.0,52.0,9
다사58aa16ba,32,0,0.0,0.0,6,128.0,78.0,5
다사58aa16bb,28,0,0.0,0.0,4,148.0,95.0,5
다사58aa17aa,14,2,0.0,0.010736272,15,292.0,76.0,5
다사58aa17ab,22,10,0.0200832,0.13216,8,218.0,57.0,5
다사58aa17ba,24,11,0.03825008,0.0269808,4,102.0,15.0,9
다사58aa17bb,25,8,0.056824,0.2899168,4,268.0,36.0,9
다사58aa18aa,1,16,0.0115296,0.0237472,18,130.0,29.0,4
다사58aa18ab,12,10,0.0281968,0.066432,10,481.0,50.0,4
다사58aa18ba,4,9,0.0410672,0.1890672,5,1100.0,56.0,4
다사58aa18bb,24,20,0.0228912,0.192768,5,742.0,62.0,4
다사58aa19aa,22,13,0.0257984,0.1938016,8,213.0,32.0,9
다사58aa19ab,29,8,0.0549248,0.2025648,6,199.0,31.0,9
다사58aa19ba,9,20,0.03808448,0.1218192,12,281.0,17.0,4
다사58aa19bb,17,18,0.03527488,0.03891568,13,713.0,63.0,4
다사58aa20aa,1,35,0.03515632,0.0021111999999999,15,88.0,19.0,4
다사58aa20ab,6,61,0.0973223999999999,0.0450896,37,292.0,11.0,7
다사58aa20ba,24,26,0.0474384,0.1075008,24,459.0,37.0,4
다사58aa20bb,10,33,0.0534681599999999,0.12309088,19,348.0,46.0,4
다사58aa21aa,9,37,0.12741424,0.0711072,30,246.0,26.0,7
다사58aa21ab,6,37,0.06298144,0.03267616,8,210.0,52.0,4
다사58aa21ba,19,33,0.17139344,0.026824,19,412.0,32.0,4
다사58aa21bb,0,63,0.32141264,0.0737416,23,339.0,26.0,7
다사58aa22aa,24,45,0.135610752,0.04376912,28,428.0,35.0,7
다사58aa22ab,41,16,0.0127536,0.0124576,11,91.0,20.0,2
다사58aa22ba,0,2,0.007552,0.00576,1,5.0,0.0,1
다사58aa22bb,2,0,0.0,0.0,0,0.0,0.0,1
다사58aa23aa,0,0,0.0,0.0,0,2.0,0.0,1
다사58aa23ab,21,1,0.0,0.0,2,9.0,1.0,9
다사58aa23ba,4,9,0.0,0.0,0,19.0,2.0,1
다사58aa23bb,0,0,0.0,0.0,0,1.0,0.0,1
다사58aa24aa,0,1,0.0,0.0,0,0.0,0.0,1
다사58aa24ab,0,0,0.0,0.0,0,0.0,0.0,1
다사58aa24ba,0,0,0.0,0.0,0,0.0,0.0,1
다사58aa24bb,0,3,0.0,0.0,0,1.0,0.0,1
다사58aa25aa,0,2,0.0,0.0,4,5.0,0.0,1
다사58aa25ab,0,1,0.0,0.0,0,0.0,0.0,1
다사58aa25ba,0,1,0.0,0.0,0,4.0,0.0,1
다사58aa25bb,0,0,0.0,0.0,0,3.0,0.0,1
다사58aa26aa,0,0,0.0,0.0,0,0.0,0.0,1
다사58aa26ab,0,0,0.0,0.0,0,0.0,0.0,1
다사58aa26ba,0,0,0.0,0.0,0,0.0,0.0,1
다사58aa26bb,0,0,0.0,0.0,0,0.0,0.0,1
다사58aa27aa,0,0,0.0,0.0,0,3.0,0.0,1
다사58aa27ab,0,0,0.0,0.0,0,0.0,0.0,1
다사58aa27ba,0,0,0.0,0.0,0,0.0,0.0,1
다사58aa27bb,0,0,0.0,0.0,0,1.0,0.0,1
다사58ab14bb,0,2,0.0,0.0,0,0.0,0.0,1
다사58ab15aa,0,5,0.0,0.083056,0,4.0,0.0,1
다사58ab15ab,9,10,0.0,0.0687792,11,141.0,18.0,9
다사58ab15ba,26,28,0.0,0.26548,22,664.0,58.0,4
다사58ab15bb,7,36,0.0,0.0669551999999999,16,594.0,53.0,4
다사58ab16aa,32,22,0.0,0.0686496,13,448.0,59.0,4
다사58ab16ab,24,2,0.0,0.006896,0,206.0,85.0,5
다사58ab16ba,27,0,0.0,0.0,9,220.0,69.0,5
다사58ab16bb,29,0,0.0,0.0,8,92.0,51.0,5
다사58ab17aa,23,16,0.0,0.072424,23,544.0,51.0,4
다사58ab17ab,18,7,0.0,0.9515152,12,196.0,38.0,5
다사58ab17ba,9,19,0.0179104,0.19543552,9,160.0,42.0,4
다사58ab17bb,22,11,0.014464,0.158544,11,462.0,59.0,5
다사58ab18aa,18,13,0.0267392,0.05916,13,817.0,112.0,5
다사58ab18ab,6,11,0.0199664,0.4631504,6,2184.0,108.0,0
다사58ab18ba,0,8,0.0428512,0.414408,15,3269.0,79.0,0
다사58ab18bb,12,3,0.0169856,0.1452992,12,399.0,27.0,9
다사58ab19aa,0,3,0.0,0.0,0,20.0,1.0,1
다사58ab19ab,3,7,0.0,0.002728,8,95.0,10.0,1
다사58ab19ba,31,8,0.0503056,0.0941216,4,527.0,45.0,5
다사58ab19bb,41,9,0.2185424,0.0609056,16,582.0,65.0,5
다사58ab20aa,33,27,0.0663136,0.1467808,12,457.0,61.0,4
다사58ab20ab,27,27,0.0849456,0.2118351999999999,18,1011.0,31.0,4
다사58ab20ba,6,52,0.0456031999999999,0.0507296,19,368.0,24.0,7
다사58ab20bb,0,49,0.1137712,0.0609008,16,469.0,49.0,7
다사58ab21aa,3,59,0.0628464,0.0473104,15,256.0,27.0,7
다사58ab21ab,21,9,0.02179008,0.0504656,13,242.0,38.0,4
다사58ab21ba,16,25,0.047368,0.095624,9,271.0,79.0,5
다사58ab21bb,0,51,0.1135328,0.0096192,19,138.0,24.0,7
다사58ab22aa,0,134,0.06918016,0.0563872,42,492.0,34.0,7
다사58ab22ab,12,45,0.1023324799999999,0.0603488,19,417.0,35.0,7
다사58ab22ba,17,3,0.012624,0.012624,1,129.0,5.0,9
다사58ab22bb,13,0,0.0,0.0,2,6.0,0.0,1
다사58ab23aa,23,0,0.0,0.0,1,3.0,0.0,9
다사58ab23ab,9,1,0.005184,0.0,0,6.0,0.0,1
다사58ab23ba,0,1,0.0,0.0,0,0.0,3.0,1
다사58ab23bb,0,0,0.0,0.0,4,4.0,0.0,1
다사58ab24aa,0,0,0.0,0.0,0,0.0,0.0,1
다사58ab24ab,0,0,0.0,0.0,0,0.0,0.0,1
다사58ab24ba,0,0,0.0,0.0,0,0.0,0.0,1
다사58ab24bb,0,0,0.0,0.0,0,0.0,0.0,1
다사58ab25aa,0,0,0.0,0.0,0,0.0,0.0,1
다사58ab25ab,0,0,0.0,0.0,0,0.0,0.0,1
다사58ab25ba,0,0,0.0,0.0,0,0.0,0.0,1
다사58ab25bb,0,0,0.0,0.0,0,0.0,0.0,1
다사58ab26aa,0,0,0.0,0.0,0,0.0,0.0,1
다사58ab26ab,0,0,0.0,0.0,0,0.0,0.0,1
다사58ab26ba,0,0,0.0,0.0,0,0.0,0.0,1
다사58ab26bb,0,0,0.0,0.0,0,0.0,0.0,1
다사58ab27aa,0,0,0.0,0.0,0,0.0,0.0,1
다사58ab27ab,0,0,0.0,0.0,0,0.0,0.0,1
다사58ab27ba,0,0,0.0,0.0,0,0.0,0.0,1
다사58ba15aa,0,2,0.0,0.0,0,0.0,0.0,1
다사58ba15ab,0,4,0.0,0.0,0,1.0,0.0,1
다사58ba15ba,0,0,0.0,0.0,0,7.0,2.0,1
다사58ba15bb,8,12,0.0,0.0086175999999999,0,233.0,31.0,9
다사58ba16aa,17,17,0.0,0.0180783999999999,10,279.0,38.0,4
다사58ba16ab,14,40,0.0,0.033464,30,476.0,85.0,7
다사58ba16ba,34,2,0.0,0.0,9,202.0,64.0,5
다사58ba16bb,31,0,0.0,0.1800784,4,245.0,71.0,5
다사58ba17aa,28,0,0.0,0.0,5,97.0,63.0,5
다사58ba17ab,25,9,0.0,0.0,5,89.0,15.0,9
다사58ba17ba,21,34,0.0475984,0.0133104,18,237.0,30.0,4
다사58ba17bb,15,19,0.0145552,0.0532864,24,464.0,36.0,4
다사58ba18aa,16,15,0.0973264,0.077792,9,239.0,63.0,5
다사58ba18ab,9,14,0.0565648,0.1726624,11,1101.0,93.0,0
다사58ba18ba,16,3,0.0701552,0.3701024,14,1597.0,133.0,0
다사58ba18bb,19,0,0.0,0.010616,6,320.0,40.0,9
다사58ba19aa,11,2,0.0,0.014288,13,125.0,14.0,9
다사58ba19ab,3,1,0.0,0.008112,4,25.0,3.0,1
다사58ba19ba,2,3,0.044288,0.0,4,103.0,2.0,1
다사58ba19bb,13,8,0.0,0.0155311999999999,36,159.0,48.0,4
다사58ba20aa,20,1,0.1897136,0.07585504,0,370.0,44.0,5
다사58ba20ab,16,12,0.03249152,0.0371344,3,180.0,33.0,9
다사58ba20ba,15,33,0.0589344,0.0442848,20,302.0,38.0,4
다사58ba20bb,7,31,0.0383791999999999,0.0816576,19,261.0,39.0,4
다사58ba21aa,13,6,0.0191776,0.1373375999999999,0,100.0,30.0,9
다사58ba21ab,13,0,0.0,0.0,0,66.0,36.0,9
다사58ba21ba,17,11,0.0112976,0.0188304,15,380.0,66.0,5
다사58ba21bb,0,16,0.0,0.0,0,138.0,26.0,1
다사58ba22aa,0,67,0.0,0.004512,18,49.0,7.0,7
다사58ba22ab,0,2,0.002944,0.0,0,3.0,0.0,1
다사58ba22ba,14,3,0.0,0.115728,7,88.0,10.0,9
다사58ba22bb,2,0,0.0,0.0,4,3.0,0.0,1
다사58ba23aa,0,0,0.0,0.0,0,0.0,0.0,1
다사58ba23ab,0,0,0.0,0.0,0,1.0,12.0,1
다사58ba23ba,0,0,0.0,0.0,0,1.0,18.0,1
다사58ba23bb,0,0,0.0,0.0,0,0.0,0.0,1
다사58ba24aa,0,0,0.0,0.0,0,0.0,0.0,1
다사58ba24ab,0,0,0.0,0.0,0,0.0,0.0,1
다사58ba24ba,0,0,0.0,0.0,0,0.0,0.0,1
다사58ba24bb,0,0,0.0,0.0,0,0.0,0.0,1
다사58ba25aa,0,0,0.0,0.0,0,0.0,0.0,1
다사58ba25ab,0,0,0.0,0.0,0,0.0,0.0,1
다사58ba25ba,0,0,0.0,0.0,0,1.0,0.0,1
다사58ba25bb,0,0,0.0,0.0,0,0.0,0.0,1
다사58ba26aa,0,0,0.0,0.0,0,0.0,0.0,1
다사58ba26ab,0,0,0.0,0.0,4,0.0,0.0,1
다사58ba26ba,0,0,0.0,0.0,0,0.0,0.0,1
다사58ba26bb,0,0,0.0,0.0,0,0.0,0.0,1
다사58ba27aa,0,0,0.0,0.0,0,0.0,0.0,1
다사58ba27ab,0,0,0.0,0.0,0,0.0,0.0,1
다사58bb15ab,9,3,0.0,0.0,0,7.0,0.0,1
다사58bb15ba,15,2,0.0,0.0,0,10.0,0.0,1
다사58bb15bb,21,7,0.0,0.049904,2,21.0,0.0,9
다사58bb16aa,12,1,0.0,0.0,0,22.0,7.0,1
다사58bb16ab,17,1,0.0,0.0304608,6,110.0,127.0,5
다사58bb16ba,53,0,0.0,0.0,8,47.0,98.0,5
다사58bb16bb,39,0,0.0,0.1072496,8,250.0,107.0,5
다사58bb17aa,37,0,0.0,0.06784,12,436.0,76.0,5
다사58bb17ab,15,10,0.0124272,0.0,11,209.0,56.0,5
다사58bb17ba,18,28,0.0474336,0.0256592,13,267.0,53.0,4
다사58bb17bb,8,0,0.0,0.0,17,40.0,19.0,9
다사58bb18aa,17,4,0.0,0.0,4,148.0,36.0,9
다사58bb18ab,13,19,0.0853136,0.112904,16,285.0,23.0,4
다사58bb18ba,23,5,0.0745808,0.043384,4,356.0,38.0,9
다사58bb18bb,2,0,0.0,0.0,4,104.0,17.0,1
다사58bb19aa,13,1,0.0,0.1028,7,174.0,34.0,9
다사58bb19ab,13,7,0.0,0.127616,4,214.0,46.0,9
다사58bb19ba,18,3,0.0,0.0,17,146.0,29.0,9
다사58bb19bb,26,9,0.011264,0.13713952,4,159.0,73.0,5
다사58bb20aa,20,7,0.00281936,0.033952,11,85.0,30.0,9
다사58bb20ab,11,0,0.0,0.012432,0,60.0,19.0,9
다사58bb20ba,22,2,0.0031696,0.026336,11,154.0,39.0,9
다사58bb20bb,10,4,0.0,0.0,4,144.0,64.0,5
다사58bb21aa,0,0,0.0,0.0,0,10.0,18.0,1
다사58bb21ab,0,0,0.0,0.0,0,33.0,6.0,1
다사58bb21ba,8,0,0.01376,0.01376,4,270.0,20.0,9
다사58bb21bb,25,0,0.0,0.11976,10,25.0,15.0,9
다사58bb22aa,13,0,0.0,0.007936,5,13.0,24.0,9
다사58bb22ab,0,0,0.0,0.0,0,0.0,2.0,1
다사58bb22ba,0,0,0.0,0.0,0,3.0,7.0,1
다사58bb22bb,0,0,0.0,0.0,0,0.0,0.0,1
다사58bb23aa,0,0,0.0,0.0,0,0.0,0.0,1
다사58bb23ab,32,0,0.0,0.0,9,0.0,12.0,9
다사58bb23ba,21,0,0.0,0.0,4,0.0,0.0,9
다사58bb23bb,0,0,0.0,0.0,0,0.0,0.0,1
다사58bb24aa,0,0,0.0,0.0,0,2.0,0.0,1
다사58bb24ab,0,0,0.0,0.0,0,0.0,0.0,1
다사58bb24ba,0,0,0.0,0.0,0,0.0,0.0,1
다사58bb24bb,0,0,0.0,0.0,0,0.0,0.0,1
다사58bb25aa,0,0,0.0,0.0,0,0.0,0.0,1
다사58bb25ab,0,0,0.0,0.0,2,1.0,0.0,1
다사58bb25ba,0,0,0.0,0.0,0,0.0,0.0,1
다사58bb25bb,0,0,0.0,0.0,0,0.0,0.0,1
다사58bb26aa,0,0,0.0,0.0,0,0.0,0.0,1
다사58bb26ab,0,0,0.0,0.0,0,0.0,0.0,1
다사59aa15ba,0,0,0.0,0.0,0,0.0,0.0,1
다사59aa15bb,0,5,0.0,0.0,0,0.0,0.0,1
다사59aa16aa,6,8,0.0,0.016336,0,1.0,0.0,1
다사59aa16ab,17,1,0.0,0.0,9,141.0,28.0,9
다사59aa16ba,20,0,0.0,0.0,11,68.0,72.0,5
다사59aa16bb,32,0,0.0,0.0,0,111.0,76.0,5
다사59aa17aa,35,0,0.0,0.0,25,233.0,92.0,5
다사59aa17ab,26,10,0.0211072,0.0029471999999999,13,271.0,56.0,5
다사59aa17ba,6,30,0.046464,0.0294592,18,145.0,49.0,4
다사59aa17bb,14,13,0.0,0.0,17,102.0,50.0,4
다사59aa18aa,13,0,0.0,0.0,0,93.0,55.0,5
다사59aa18ab,10,0,0.005952,0.00616,17,82.0,31.0,9
다사59aa18ba,18,0,0.0,0.0139023999999999,9,1252.0,26.0,0
다사59aa18bb,10,0,0.0,0.0,3,139.0,15.0,9
다사59aa19aa,0,2,0.0,0.0,0,129.0,39.0,1
다사59aa19ab,0,45,0.02832,0.025504,24,200.0,20.0,7
다사59aa19ba,8,30,0.00752,0.004176,25,110.0,10.0,7
다사59aa19bb,39,24,0.0210262399999999,0.03593184,16,248.0,42.0,4
다사59aa20aa,21,21,0.027472,0.072528,23,88.0,21.0,4
다사59aa20ab,13,0,0.003248,0.003248,0,115.0,86.0,5
다사59aa20ba,28,0,0.0,0.0,10,92.0,51.0,5
다사59aa20bb,28,0,0.0,0.0,6,27.0,32.0,9
다사59aa21aa,2,0,0.0,0.0,0,24.0,30.0,1
다사59aa21ab,0,0,0.0,0.0,0,1.0,1.0,1
다사59aa21ba,3,0,0.0,0.0,1,2.0,1.0,1
다사59aa21bb,14,0,0.0,0.0,3,5.0,12.0,9
다사59aa22aa,17,0,0.0,0.04528,5,6.0,44.0,9
다사59aa22ab,0,0,0.0,0.0,0,4.0,2.0,1
다사59aa22ba,3,0,0.0,0.0,0,10.0,6.0,1
다사59aa22bb,5,0,0.0,0.0,1,0.0,0.0,1
다사59aa23aa,20,0,0.0,0.0,0,2.0,2.0,9
다사59aa23ab,92,0,0.0,0.0,20,4.0,10.0,2
다사59aa23ba,48,0,0.0,0.0,7,1.0,0.0,2
다사59aa23bb,36,0,0.0,0.0,3,4.0,2.0,9
다사59aa24aa,0,0,0.0,0.0,0,0.0,0.0,1
다사59aa24ab,0,0,0.0,0.0,0,0.0,0.0,1
다사59aa24ba,0,0,0.0,0.0,0,0.0,0.0,1
다사59aa24bb,0,0,0.0,0.0,0,1.0,0.0,1
다사59aa25aa,0,0,0.0,0.0,0,0.0,0.0,1
다사59aa25ab,0,0,0.0,0.0,0,0.0,0.0,1
다사59aa25ba,0,0,0.0,0.0,0,0.0,0.0,1
다사59ab15ba,0,0,0.0,0.0,0,0.0,0.0,1
다사59ab15bb,38,0,0.0,0.0,13,34.0,0.0,2
다사59ab16aa,9,0,0.0,0.0,0,88.0,7.0,1
다사59ab16ab,39,1,0.0,0.0,0,41.0,38.0,9
다사59ab16ba,51,0,0.0,0.0148496,20,56.0,6.0,2
다사59ab16bb,37,0,0.0,0.008712,9,61.0,23.0,2
다사59ab17aa,36,0,0.0,0.0,14,145.0,70.0,5
다사59ab17ab,14,0,0.0,0.0,7,111.0,44.0,9
다사59ab17ba,30,11,0.0141392,0.009744,30,108.0,39.0,4
다사59ab17bb,22,25,0.0275616,0.008552,11,255.0,73.0,4
다사59ab18aa,3,0,0.0,0.0,0,85.0,57.0,9
다사59ab18ab,0,1,0.024795696,0.027547696,6,90.0,46.0,9
다사59ab18ba,17,1,0.0222968,0.024768,7,397.0,58.0,5
다사59ab18bb,14,0,0.0,0.0,4,266.0,41.0,9
다사59ab19aa,21,0,0.0101936,0.0101936,12,219.0,55.0,5
다사59ab19ab,2,60,0.0188,0.05601664,28,235.0,36.0,7
다사59ab19ba,11,13,0.08299424,0.15548576,12,373.0,56.0,4
다사59ab19bb,2,52,0.025456,0.134592,22,321.0,36.0,7
다사59ab20aa,1,35,0.05018576,0.05016,26,199.0,62.0,7
다사59ab20ab,13,0,0.0,0.0,5,37.0,88.0,5
다사59ab20ba,0,0,0.0,0.0,0,3.0,15.0,1
다사59ab20bb,12,0,0.0,0.0,9,5.0,18.0,9
다사59ab21aa,22,0,0.0,0.0,2,21.0,44.0,9
다사59ab21ab,0,0,0.0,0.0,3,5.0,9.0,1
다사59ab21ba,0,0,0.0,0.0,4,4.0,0.0,1
다사59ab21bb,16,0,0.0,0.0,2,6.0,11.0,9
다사59ab22aa,51,0,0.0,0.0697696,18,52.0,69.0,2
다사59ab22ab,14,0,0.0,0.09139648,4,3.0,17.0,9
다사59ab22ba,37,0,0.0,0.0,4,4.0,3.0,9
다사59ab22bb,4,0,0.0,0.0,1,1.0,19.0,1
다사59ab23aa,20,0,0.0,0.0,5,15.0,5.0,9
다사59ab23ab,4,0,0.0,0.0,8,0.0,2.0,1
다사59ab23ba,2,0,0.0,0.0,2,0.0,0.0,1
다사59ab23bb,2,0,0.0,0.0,0,0.0,0.0,1
다사59ab24aa,0,0,0.0,0.0,0,0.0,0.0,1
다사59ab24ab,0,0,0.0,0.0,0,0.0,0.0,1
다사59ab24ba,0,0,0.0,0.0,0,0.0,0.0,1
다사59ab24bb,0,0,0.0,0.0,0,0.0,0.0,1
다사59ba14bb,2,0,0.0,0.0,0,0.0,0.0,1
다사59ba15aa,15,0,0.0,0.0,11,0.0,0.0,9
다사59ba15ab,18,11,0.0,0.0,0,9.0,25.0,9
다사59ba15ba,16,2,0.09712,0.09712,19,16.0,10.0,9
다사59ba15bb,22,0,0.0,0.0,29,37.0,0.0,9
다사59ba16aa,13,0,0.0,0.0,5,112.0,74.0,5
다사59ba16ab,45,0,0.0,0.01904,0,73.0,106.0,5
다사59ba16ba,71,0,0.0,0.1579312,10,115.0,36.0,2
다사59ba16bb,36,1,0.0,0.003712,0,24.0,9.0,9
다사59ba17aa,0,0,0.0,0.0,0,0.0,18.0,1
다사59ba17ab,24,0,0.0,0.0,6,25.0,10.0,9
다사59ba17ba,20,0,0.0,0.303296,7,72.0,40.0,9
다사59ba17bb,25,0,0.0,0.171616,13,590.0,87.0,5
다사59ba18aa,26,0,0.0,0.00696,2,170.0,39.0,9
다사59ba18ab,26,15,0.0,0.03913232,23,298.0,45.0,4
다사59ba18ba,13,16,0.006456,0.0,18,242.0,50.0,4
다사59ba18bb,0,1,0.0,0.0,24,101.0,23.0,9
다사59ba19aa,20,7,0.006648,0.0,15,187.0,37.0,9
다사59ba19ab,14,35,0.05577664,1.00465696,40,394.0,45.0,7
다사59ba19ba,19,43,0.0918304799999999,0.2342424799999999,27,901.0,94.0,4
다사59ba19bb,17,17,0.10221712,0.105384,14,290.0,41.0,4
다사59ba20aa,25,8,0.037608,0.17910736,11,352.0,94.0,5
다사59ba20ab,0,0,0.0,0.0,0,8.0,4.0,1
다사59ba20ba,0,0,0.0,0.0,0,3.0,29.0,1
다사59ba20bb,8,0,0.0,0.0,1,4.0,9.0,1
다사59ba21aa,0,0,0.0,0.0,7,3.0,13.0,1
다사59ba21ab,27,0,0.0,0.0,0,64.0,58.0,5
다사59ba21ba,1,0,0.0,0.0,0,8.0,7.0,1
다사59ba21bb,13,0,0.0,0.0,0,8.0,12.0,1
다사59ba22aa,38,0,0.0,0.0,13,30.0,29.0,2
다사59ba22ab,96,0,0.0,0.0707343999999999,35,70.0,50.0,2
다사59ba22ba,53,0,0.0,0.019088,7,22.0,19.0,2
다사59ba22bb,39,0,0.0,0.0,3,1.0,52.0,5
다사59ba23aa,65,0,0.0,2.477248,12,15.0,38.0,6
다사59ba23ab,67,0,0.0,0.0,4,4.0,3.0,2
다사59ba23ba,65,0,0.0,0.0,8,0.0,0.0,2
다사59ba23bb,55,0,0.0,0.0,1,0.0,0.0,2
다사59ba24aa,0,0,0.0,0.0,0,0.0,0.0,1
다사59ba24ab,0,0,0.0,0.0,0,0.0,0.0,1
다사59ba24ba,0,0,0.0,0.0,0,0.0,0.0,1
다사59bb14bb,0,2,0.0,0.0,0,1.0,0.0,1
다사59bb15aa,11,6,0.0,0.023984,0,21.0,24.0,9
다사59bb15ab,4,0,0.0,0.003168,0,21.0,24.0,1
다사59bb15ba,23,0,0.0,0.2599616,24,41.0,48.0,5
다사59bb15bb,32,0,0.0,0.0,14,89.0,29.0,9
다사59bb16aa,19,0,0.0,0.0,4,53.0,28.0,9
다사59bb16ab,30,0,0.0,0.2674192,5,195.0,92.0,5
다사59bb16ba,37,1,0.024864,0.025408,3,89.0,59.0,5
다사59bb16bb,2,3,0.024816,0.00888,0,11.0,3.0,1
다사59bb17aa,0,0,0.0,0.0,0,2.0,7.0,1
다사59bb17ab,0,0,0.0,0.0,0,3.0,0.0,1
다사59bb17ba,20,0,0.0,0.0,3,16.0,0.0,9
다사59bb17bb,31,2,0.0,0.0,19,116.0,13.0,9
다사59bb18aa,21,17,0.0,0.0,14,291.0,49.0,4
다사59bb18ab,14,50,0.0329232,0.0409008,40,543.0,42.0,7
다사59bb18ba,8,50,0.0347312,0.01463056,38,320.0,32.0,7
다사59bb18bb,14,42,0.0362144,0.015808,42,227.0,30.0,7
다사59bb19aa,22,35,0.0986432,0.0474784,33,350.0,21.0,7
다사59bb19ab,8,44,0.1152208,0.09782176,37,466.0,81.0,7
다사59bb19ba,13,50,0.24284584,0.28035128,29,282.0,50.0,7
다사59bb19bb,13,18,0.00648,0.0199664,11,352.0,63.0,4
다사59bb20aa,7,0,0.0,0.0,0,365.0,149.0,5
다사59bb20ab,0,0,0.0,0.0,0,9.0,21.0,1
다사59bb20ba,0,0,0.0,0.0,0,25.0,7.0,1
다사59bb20bb,0,0,0.0,0.0,0,6.0,5.0,1
다사59bb21aa,16,0,0.0,0.0331088,2,292.0,80.0,5
다사59bb21ab,33,0,0.0,0.0270304,7,47.0,79.0,5
다사59bb21ba,27,0,0.0,0.0,1,53.0,75.0,5
다사59bb21bb,35,0,0.0,0.0,0,33.0,20.0,9
다사59bb22aa,3,0,0.0,1.0969312,3,16.0,7.0,1
다사59bb22ab,92,0,0.0,0.0,12,15.0,27.0,2
다사59bb22ba,30,0,0.0,0.0,10,4.0,32.0,9
다사59bb22bb,130,0,0.0,0.109384,22,14.0,42.0,2
다사59bb23aa,82,0,0.0,0.0360351999999999,11,16.0,25.0,2
다사59bb23ab,55,0,0.0,0.0,5,6.0,2.0,2
다사59bb23ba,12,0,0.0,0.0,3,1.0,0.0,1
다사59bb23bb,0,0,0.0,0.0,0,0.0,0.0,1
다사59bb24aa,0,0,0.0,0.0,0,0.0,0.0,1
다사59bb24ab,0,0,0.0,0.0,0,0.0,0.0,1
다사60aa15aa,15,2,0.0,0.027344,4,20.0,3.0,9
다사60aa15ab,0,1,0.0,0.068256,0,17.0,2.0,1
다사60aa15ba,20,0,0.0,0.0,4,36.0,25.0,9
다사60aa15bb,23,6,0.0,0.016992,10,59.0,38.0,9
다사60aa16aa,27,3,0.0,0.0,13,77.0,23.0,9
다사60aa16ab,28,6,0.036016,0.3507008,8,126.0,45.0,5
다사60aa16ba,21,3,0.47216,0.487936,0,54.0,56.0,5
다사60aa16bb,25,0,0.0,0.0,0,11.0,0.0,9
다사60aa17aa,6,0,0.0,0.0,1,2.0,0.0,1
다사60aa17ab,0,0,0.0,0.0,5,0.0,0.0,1
다사60aa17ba,0,0,0.0,0.0,0,18.0,52.0,1
다사60aa17bb,4,0,0.0,0.0,0,11.0,7.0,1
다사60aa18aa,16,0,0.0,0.0,13,10.0,7.0,9
다사60aa18ab,32,17,0.003536,0.010304,22,112.0,24.0,4
다사60aa18ba,16,17,0.009952,0.0104592,14,134.0,37.0,4
다사60aa18bb,11,2,0.0031071999999999,0.806416,13,174.0,71.0,5
다사60aa19aa,14,29,0.03152032,0.0,19,136.0,34.0,4
다사60aa19ab,17,33,0.21312592,0.0460528,34,293.0,63.0,7
다사60aa19ba,42,16,0.04366224,0.18320464,20,144.0,72.0,5
다사60aa19bb,50,0,0.0,0.0375951999999999,16,142.0,35.0,2
다사60aa20aa,44,0,0.0,0.0183471999999999,16,150.0,32.0,2
다사60aa20ab,6,0,0.0,0.0,2,51.0,21.0,1
다사60aa20ba,4,0,0.0,0.0,3,6.0,60.0,5
다사60aa20bb,14,0,0.0,0.0,9,9.0,71.0,5
다사60aa21aa,10,0,0.0,0.0,3,55.0,84.0,5
다사60aa21ab,24,0,0.0,0.0,5,49.0,106.0,5
다사60aa21ba,15,0,0.0,0.0747488,4,49.0,74.0,5
다사60aa21bb,61,0,0.0,0.0,3,47.0,90.0,2
다사60aa22aa,49,0,0.0,0.0,10,10.0,28.0,2
다사60aa22ab,50,0,0.0,0.0,10,9.0,32.0,2
다사60aa22ba,14,0,0.0,0.0,0,2.0,10.0,1
다사60aa22bb,57,0,0.0,0.0,3,8.0,7.0,2
다사60aa23aa,39,0,0.0,0.0,12,14.0,22.0,2
다사60aa23ab,4,0,0.0,0.0,2,3.0,0.0,1
다사60aa23ba,0,0,0.0,0.0,0,0.0,0.0,1
다사60aa23bb,0,0,0.0,0.0,0,0.0,0.0,1
다사60aa24aa,0,0,0.0,0.0,0,0.0,0.0,1
다사60aa24ab,0,0,0.0,0.0,0,0.0,0.0,1
다사60ab14bb,0,0,0.0,0.0,4,4.0,2.0,1
다사60ab15aa,19,0,0.0,0.0,3,46.0,25.0,9
다사60ab15ab,9,0,0.0,0.016576,0,81.0,58.0,5
다사60ab15ba,28,0,0.0,0.075392,8,111.0,54.0,5
다사60ab15bb,14,1,0.004192,0.066512,1,124.0,43.0,9
다사60ab16aa,16,9,0.0052528,0.00496,19,144.0,31.0,4
다사60ab16ab,24,4,0.0,0.119808,12,146.0,67.0,5
다사60ab16ba,15,13,0.075968,0.25392,8,121.0,13.0,9
다사60ab16bb,0,0,0.0,0.0,0,0.0,0.0,1
다사60ab17aa,23,0,0.0,0.0,0,8.0,5.0,9
다사60ab17ab,26,0,0.0,0.0,0,12.0,0.0,9
다사60ab17ba,0,0,15.046272,0.0,0,5.0,70.0,3
다사60ab17bb,0,0,0.0,0.0,0,5.0,25.0,1
다사60ab18aa,0,0,0.0,0.0,0,2.0,4.0,1
다사60ab18ab,0,0,0.0,0.0,4,8.0,6.0,1
다사60ab18ba,18,5,0.0,0.0,7,35.0,54.0,5
다사60ab18bb,20,0,0.0,0.0702272,20,468.0,73.0,5
다사60ab19aa,21,11,0.0,0.0,17,130.0,52.0,5
다사60ab19ab,24,23,0.0147984,0.1199904,12,510.0,74.0,4
다사60ab19ba,37,8,0.010832,0.066384,2,59.0,35.0,9
다사60ab19bb,10,0,0.0,0.0,5,7.0,20.0,9
다사60ab20aa,18,0,0.907328,0.0,4,18.0,0.0,9
다사60ab20ab,14,0,0.0,0.0,2,5.0,21.0,9
다사60ab20ba,28,0,0.0,0.0501824,6,27.0,67.0,5
다사60ab20bb,24,0,0.0,0.0719104,3,31.0,78.0,5
다사60ab21aa,8,0,0.0,0.0,0,18.0,29.0,1
다사60ab21ab,18,0,0.0,0.0,1,10.0,39.0,9
다사60ab21ba,34,0,0.0,0.0,5,31.0,39.0,9
다사60ab21bb,39,0,0.0,0.0,20,19.0,86.0,5
다사60ab22aa,0,0,0.0,0.0,2,2.0,10.0,1
다사60ab22ab,0,0,0.0,0.0,0,1.0,14.0,1
다사60ab22ba,2,0,0.0,0.0,0,0.0,2.0,1
다사60ab22bb,10,0,0.0,0.0,0,0.0,3.0,1
다사60ab23aa,55,0,0.0,0.0,5,8.0,34.0,2
다사60ab23ab,84,0,0.0,0.0,4,1.0,16.0,2
다사60ab23ba,70,0,0.0,0.0,5,1.0,0.0,2
다사60ab23bb,7,0,0.0,0.0,0,2.0,0.0,1
다사60ab24aa,0,0,0.0,0.0,0,1.0,0.0,1
다사60ba14bb,0,0,0.0,0.0,0,0.0,2.0,1
다사60ba15aa,6,0,0.0,0.010624,4,47.0,18.0,1
다사60ba15ab,9,0,0.0,0.018544,0,90.0,57.0,5
다사60ba15ba,25,2,0.466912,0.11872,23,421.0,102.0,5
다사60ba15bb,35,0,0.01232576,0.09878976,14,806.0,47.0,5
다사60ba16aa,30,1,0.0,0.029872,5,85.0,38.0,9
다사60ba16ab,34,0,0.0,0.1786528,5,492.0,96.0,5
다사60ba16ba,22,9,0.032416,0.166704,13,173.0,26.0,9
다사60ba16bb,11,4,0.01048,0.061776,4,45.0,3.0,1
다사60ba17aa,0,0,0.0,0.0,0,10.0,9.0,1
다사60ba17ab,4,0,0.0,0.0,0,7.0,2.0,1
다사60ba17ba,25,0,0.0,0.0036,0,14.0,14.0,9
다사60ba17bb,10,0,0.0,0.007616,0,13.0,30.0,9
다사60ba18aa,0,0,0.0,0.0,0,6.0,1.0,1
다사60ba18ab,0,0,0.0,0.0,0,13.0,11.0,1
다사60ba18ba,7,0,0.0,0.0,7,79.0,55.0,5
다사60ba18bb,26,1,0.0,0.0179632,10,110.0,51.0,5
다사60ba19aa,14,1,0.0,0.515488,14,119.0,58.0,5
다사60ba19ab,15,4,0.0,0.051152,4,88.0,92.0,5
다사60ba19ba,22,0,0.0,0.024688,7,34.0,31.0,9
다사60ba19bb,0,0,0.0,0.0,1,2.0,5.0,1
다사60ba20aa,0,0,0.0,0.0,2,0.0,0.0,1
다사60ba20ab,0,0,0.0,0.0,1,2.0,4.0,1
다사60ba20ba,20,0,0.0,0.0,5,119.0,86.0,5
다사60ba20bb,26,0,0.0,0.0,15,111.0,138.0,5
다사60ba21aa,20,0,0.0,0.0,2,13.0,72.0,5
다사60ba21ab,7,0,0.0,0.0,0,4.0,41.0,9
다사60ba21ba,27,0,0.0,0.0,1,11.0,29.0,9
다사60ba21bb,104,0,0.0,0.0,13,31.0,36.0,2
다사60ba22aa,30,0,0.0,0.019184,0,5.0,20.0,9
다사60ba22ab,11,0,0.0,0.0,0,1.0,19.0,1
다사60ba22ba,0,0,0.0,0.0,0,1.0,0.0,1
다사60ba22bb,0,0,0.0,0.0,0,1.0,0.0,1
다사60ba23aa,0,0,0.0,0.0,0,0.0,0.0,1
다사60ba23ab,0,0,0.0,0.0,0,0.0,2.0,1
다사60ba23ba,13,0,0.0,0.0,0,0.0,0.0,1
다사60ba23bb,25,0,0.0,0.074816,2,2.0,0.0,9
다사60ba24aa,1,0,0.0,0.0,0,0.0,0.0,1
다사60bb15aa,0,0,0.0,0.0,0,3.0,3.0,1
다사60bb15ab,17,0,0.0,0.056848,2,130.0,69.0,5
다사60bb15ba,13,45,0.02448,0.1589472,20,315.0,43.0,7
다사60bb15bb,29,17,0.0,0.06976,20,108.0,28.0,4
다사60bb16aa,32,4,0.0,0.048096,19,132.0,37.0,2
다사60bb16ab,21,0,0.0,0.0998256,11,437.0,122.0,5
다사60bb16ba,10,0,0.0,0.0906512,6,184.0,46.0,9
다사60bb16bb,22,1,0.02584,0.086736,3,68.0,14.0,9
다사60bb17aa,12,4,0.280992,0.111232,5,47.0,9.0,9
다사60bb17ab,2,12,0.010576,0.05072,2,31.0,8.0,1
다사60bb17ba,10,5,0.009008,0.03552,12,26.0,31.0,9
다사60bb17bb,28,21,0.005344,0.129984,13,115.0,38.0,4
다사60bb18aa,26,12,0.0,0.05664,0,74.0,17.0,9
다사60bb18ab,2,0,0.0,0.0,0,1.0,3.0,1
다사60bb18ba,19,1,8.8941008,0.048768,6,69.0,41.0,3
다사60bb18bb,27,0,0.0,0.006128,6,125.0,55.0,5
다사60bb19aa,29,26,0.004992,0.043488,16,140.0,86.0,5
다사60bb19ab,28,0,0.0,0.0,5,44.0,57.0,5
다사60bb19ba,10,0,0.0,0.0,4,12.0,39.0,9
다사60bb19bb,0,0,0.0,0.0,3,40.0,41.0,1
다사60bb20aa,6,0,0.0,0.0,4,18.0,23.0,1
다사60bb20ab,10,0,0.0,0.0,7,118.0,17.0,9
다사60bb20ba,12,0,0.0,0.0,6,173.0,82.0,5
다사60bb20bb,19,0,0.0,0.1966144,5,62.0,106.0,5
다사60bb21aa,30,0,0.0,0.0,7,73.0,87.0,5
다사60bb21ab,48,0,0.0,0.0,7,12.0,36.0,2
다사60bb21ba,25,0,0.0,0.0,1,11.0,23.0,9
다사60bb21bb,9,0,0.0,0.0,25,4.0,2.0,9
다사60bb22aa,19,0,0.0,0.059552,7,7.0,5.0,9
다사60bb22ab,16,0,0.0,0.0,1,0.0,9.0,9
다사60bb22ba,0,0,0.0,0.0,0,1.0,0.0,1
다사60bb22bb,0,0,0.0,0.0,0,0.0,0.0,1
다사60bb23aa,0,0,0.0,0.0,0,0.0,0.0,1
다사60bb23ab,0,0,0.0,0.0,0,0.0,0.0,1
다사60bb23ba,0,0,0.0,0.0,0,0.0,0.0,1
다사60bb23bb,0,0,0.0,0.0,0,0.0,0.0,1
다사60bb24aa,0,0,0.0,0.0,2,0.0,0.0,1
다사61aa15ab,7,0,0.0,0.121888,0,11.0,5.0,1
다사61aa15ba,23,0,0.0,0.042816,0,125.0,23.0,9
다사61aa15bb,22,4,0.0,0.017888,8,179.0,25.0,9
다사61aa16aa,24,3,0.0,0.063072,11,70.0,17.0,9
다사61aa16ab,22,0,0.0,1.0461488,14,208.0,73.0,5
다사61aa16ba,17,0,0.0,0.03584,8,252.0,51.0,5
다사61aa16bb,10,0,0.0,0.0,4,141.0,46.0,9
다사61aa17aa,22,2,0.0,0.033264,5,132.0,36.0,9
다사61aa17ab,13,32,0.075504,0.139872,19,173.0,30.0,4
다사61aa17ba,2,27,0.136,0.129472,4,74.0,5.0,1
다사61aa17bb,4,13,0.07562152,0.01072552,10,40.0,1.0,1
다사61aa18aa,8,23,0.387328,0.177216,14,98.0,23.0,4
다사61aa18ab,34,0,0.0,0.025152,6,68.0,44.0,9
다사61aa18ba,31,8,0.076288,0.050432,7,79.0,62.0,5
다사61aa18bb,11,11,0.0,0.037216,14,114.0,65.0,5
다사61aa19aa,27,1,0.0,0.024864,9,119.0,128.0,5
다사61aa19ab,16,0,0.0,2.2349712000000004,4,122.0,3.0,6
다사61aa19ba,14,0,0.0,0.0,15,187.0,0.0,9
다사61aa19bb,10,0,0.0,0.0,8,25.0,15.0,9
다사61aa20aa,0,0,0.0,0.0,9,2.0,1.0,1
다사61aa20ab,0,0,0.0,0.0,4,1.0,0.0,1
다사61aa20ba,0,0,0.0,0.0,0,1.0,6.0,1
다사61aa20bb,20,0,0.0,0.0,9,13.0,44.0,9
다사61aa21aa,45,0,0.0,0.0,14,53.0,52.0,2
다사61aa21ab,39,0,0.0,0.0,3,33.0,53.0,5
다사61aa21ba,0,0,0.0,0.0,2,1.0,4.0,1
다사61aa21bb,0,0,0.0,0.0,0,1.0,6.0,1
다사61aa22aa,0,0,0.0,0.0,0,0.0,0.0,1
다사61aa22ab,0,0,0.0,0.0,0,1.0,0.0,1
다사61aa22ba,0,0,0.0,0.0,0,0.0,0.0,1
다사61aa22bb,0,0,0.0,0.0,0,0.0,0.0,1
다사61aa23aa,0,0,0.0,0.0,0,0.0,0.0,1
다사61aa23ab,0,0,0.0,0.0,0,0.0,0.0,1
다사61aa23ba,0,0,0.0,0.0,0,0.0,0.0,1
다사61ab15ba,11,0,0.0,0.0,9,8.0,0.0,9
다사61ab15bb,27,2,0.0,0.0,19,77.0,8.0,9
다사61ab16aa,5,2,0.0,0.02504,8,80.0,45.0,9
다사61ab16ab,19,0,0.0,0.0,13,85.0,35.0,9
다사61ab16ba,3,0,0.0,0.0,13,96.0,33.0,9
다사61ab16bb,18,0,0.0,0.215712,19,119.0,36.0,9
다사61ab17aa,13,0,0.0,0.0,12,122.0,70.0,5
다사61ab17ab,6,5,0.033776,0.018464,3,82.0,71.0,5
다사61ab17ba,15,15,0.054624,0.08636336,9,59.0,26.0,9
다사61ab17bb,15,21,0.009072,0.38336,13,86.0,20.0,4
다사61ab18aa,12,12,0.010768,0.041424,0,53.0,18.0,9
다사61ab18ab,3,28,0.0,0.020752,4,91.0,44.0,4
다사61ab18ba,28,17,0.01392,0.472928,6,159.0,84.0,5
다사61ab18bb,13,29,0.02272,0.06848,12,157.0,44.0,4
다사61ab19aa,15,0,0.0,0.243376,1,65.0,63.0,5
다사61ab19ab,23,0,0.0,0.0,15,21.0,30.0,9
다사61ab19ba,2,11,0.0,0.0,4,23.0,78.0,5
다사61ab19bb,0,0,0.0,0.0,14,0.0,20.0,1
다사61ab20aa,0,0,0.0,0.0,16,1.0,0.0,1
다사61ab20ab,0,0,0.0,0.0,15,0.0,0.0,1
다사61ab20ba,0,0,0.0,0.0,2,8.0,5.0,1
다사61ab20bb,4,0,0.0,0.0,4,23.0,12.0,1
다사61ab21aa,24,0,0.0,0.0,15,28.0,34.0,9
다사61ab21ab,8,0,0.0,8.885740799999999,6,9.0,15.0,8
다사61ab21ba,2,0,0.0,0.0,0,23.0,36.0,1
다사61ab21bb,0,0,0.0,0.0,0,19.0,28.0,1
다사61ab22aa,0,0,0.0,0.0,0,0.0,0.0,1
다사61ba15bb,1,0,0.0,0.0,0,17.0,1.0,1
다사61ba16aa,0,0,0.0,0.0,1,3.0,5.0,1
다사61ba16ab,23,0,0.0,0.0,23,141.0,43.0,5
다사61ba16ba,26,0,0.0,0.0,9,135.0,46.0,5
다사61ba16bb,5,0,0.0,0.0,11,69.0,36.0,9
다사61ba17aa,10,0,0.0,0.0,3,67.0,44.0,9
다사61ba17ab,17,0,0.0,0.0,0,66.0,28.0,9
다사61ba17ba,20,0,0.0,0.0,0,26.0,8.0,9
다사61ba17bb,12,3,0.0,0.037536,3,36.0,2.0,1
다사61ba18aa,0,2,0.0,0.214128,0,5.0,0.0,1
다사61ba18ab,0,1,0.0,0.0,0,5.0,5.0,1
다사61ba18ba,9,6,0.0,0.0,1,36.0,27.0,9
다사61ba18bb,40,2,0.474,0.042544,6,84.0,74.0,5
다사61ba19ab,1,31,0.0,0.0,0,0.0,10.0,1
다사61ba19ba,16,3,0.0,0.0,3,10.0,33.0,9
다사61ba19bb,25,0,0.0,0.0,8,25.0,28.0,9
다사61ba20aa,17,0,0.0,0.0,6,5.0,15.0,9
다사61ba20ab,4,0,0.0,0.0,0,2.0,2.0,1
다사61ba20ba,0,0,0.0,0.0,6,1.0,0.0,1
다사61ba20bb,0,0,0.0,0.0,4,0.0,0.0,1
다사61ba21aa,8,0,0.0,0.0,7,2.0,0.0,1
다사61ba21ab,14,0,0.0,0.0,4,17.0,19.0,9
다사61ba21ba,43,0,0.0,0.1208896,7,96.0,95.0,5
다사61ba21bb,6,0,0.0,0.0,2,35.0,30.0,1
다사61bb16ab,6,0,0.0,0.0,5,2.0,2.0,1
다사61bb16ba,11,0,0.0,0.0,0,84.0,37.0,9
다사61bb16bb,13,0,0.0,0.0,9,46.0,45.0,9
다사61bb17aa,27,0,0.0,0.07152,9,428.0,98.0,5
다사61bb17ab,0,0,0.0,0.0,0,3.0,4.0,1
다사61bb17ba,11,0,0.0,0.0,3,21.0,8.0,1
다사61bb17bb,1,0,0.0,0.0,0,1.0,0.0,1
다사61bb18aa,0,1,0.0,0.0,0,0.0,0.0,1
다사61bb18ab,0,0,0.0,0.0,0,0.0,0.0,1
다사61bb18ba,8,0,0.0,0.0,6,12.0,13.0,1
다사61bb18bb,11,0,0.0,0.0,0,31.0,10.0,1
다사61bb19bb,7,0,0.0,0.0,0,0.0,6.0,1
다사61bb20aa,17,0,0.0,0.0,2,12.0,25.0,9
다사61bb20ab,28,0,0.0,0.0,1,18.0,29.0,9
다사61bb20ba,0,0,0.0,0.0,13,0.0,0.0,1
다사61bb20bb,0,0,0.0,0.0,2,0.0,0.0,1
다사61bb21aa,3,0,0.0,0.0,24,1.0,2.0,9
다사61bb21ab,24,0,0.0,0.0,16,31.0,129.0,5
다사61bb21ba,42,0,0.0,0.0136368,15,49.0,74.0,5
다사61bb21bb,19,0,0.0,0.0,15,13.0,9.0,9
다사62aa16ba,12,0,0.0,0.0,13,55.0,28.0,9
다사62aa16bb,20,0,0.0,0.2150112,7,157.0,48.0,5
다사62aa17aa,36,0,0.0,0.38532,14,385.0,135.0,5
다사62aa17ab,25,0,0.0,0.0,4,141.0,65.0,5
다사62aa17ba,17,0,0.0,2.278432,1,89.0,39.0,6
다사62aa17bb,16,0,0.0,0.0,7,25.0,24.0,9
다사62aa18aa,0,0,0.0,0.0,0,0.0,1.0,1
다사62aa18ab,0,0,0.0,0.0,0,0.0,0.0,1
다사62aa18ba,9,0,0.0,0.009168,4,7.0,7.0,1
다사62aa20ab,12,0,0.0,0.0,1,4.0,8.0,1
다사62aa20ba,3,0,0.0,0.0,25,1.0,0.0,9
다사62aa20bb,0,0,0.0,0.0,14,0.0,0.0,1
다사62aa21aa,0,0,0.0,0.0,9,2.0,15.0,1
다사62aa21ab,11,0,0.0,0.0,1,18.0,87.0,5
다사62aa21ba,21,0,0.0,0.0,5,21.0,40.0,9
다사62aa21bb,2,0,0.0,0.0,0,2.0,0.0,1
다사62ab16ba,33,0,0.0,0.0491648,12,179.0,47.0,5
다사62ab16bb,26,0,0.0,0.0500991999999999,14,320.0,41.0,5
다사62ab17aa,37,0,0.0,0.2128496,5,1528.0,110.0,0
다사62ab17ab,34,0,0.0,0.1138912,10,354.0,83.0,5
다사62ab17ba,19,0,0.0,0.0,12,245.0,59.0,5
다사62ab17bb,4,0,0.0,0.0,0,42.0,89.0,5
다사62ab18aa,16,0,0.0,0.0,1,18.0,43.0,9
다사62ab18ab,0,0,0.0,0.0309104,5,3.0,1.0,1
다사62ab18ba,3,1,0.013824,0.05567904,0,17.0,10.0,1
다사62ab20ab,0,0,0.0,0.0,0,0.0,0.0,1
다사62ab20ba,18,0,0.0,0.0,9,1.0,9.0,9
다사62ab20bb,7,0,0.0,0.0,5,2.0,7.0,1
다사62ab21aa,0,0,0.0,0.0,1,0.0,3.0,1
다사62ab21ab,0,0,0.0,0.0,2,1.0,6.0,1
다사62ab21ba,12,0,0.0,0.0,12,5.0,16.0,9
다사62ab21bb,0,0,0.0,0.0,0,0.0,0.0,1
다사62ba16ba,30,0,0.0,0.104208,9,398.0,34.0,9
다사62ba16bb,37,0,0.0,0.2906528,23,419.0,19.0,2
다사62ba17aa,35,0,0.0,0.0762608,14,421.0,39.0,5
다사62ba17ab,27,0,0.0,0.0774383999999999,2,1682.0,31.0,0
다사62ba17ba,7,0,0.0,0.0,8,93.0,31.0,9
다사62ba17bb,16,0,0.0,0.0,4,174.0,145.0,5
다사62ba18aa,17,0,0.0,0.0,4,87.0,128.0,5
다사62ba18ab,17,2,0.0,0.0550791999999999,4,173.0,123.0,5
다사62ba18ba,16,2,0.0,0.27333008,11,117.0,89.0,5
다사62ba18bb,0,0,0.0,0.0,0,0.0,0.0,1
다사62ba20ba,1,0,0.0,0.0,0,2.0,4.0,1
다사62ba20bb,28,0,0.0,0.0306928,5,13.0,18.0,9
다사62ba21aa,32,0,0.0,0.0,0,16.0,20.0,9
다사62ba21ab,17,0,0.0,0.0,2,1.0,4.0,9
다사62ba21ba,21,0,0.0,0.0,25,8.0,6.0,9
다사62ba21bb,7,0,0.0,0.0,1,1.0,2.0,1
다사62bb16ba,0,0,0.0,0.0,2,15.0,2.0,1
다사62bb16bb,13,0,0.0,0.01984,0,59.0,9.0,1
다사62bb17aa,15,0,0.0,0.0,16,51.0,1.0,9
다사62bb17ab,14,0,0.0,0.0,1,20.0,2.0,1
다사62bb17ba,10,0,0.0,0.0,6,6.0,1.0,1
다사62bb17bb,12,0,0.0,0.0,12,38.0,8.0,9
다사62bb18aa,17,0,0.0,0.0,4,38.0,36.0,9
다사62bb18ab,17,0,0.0,0.0,0,94.0,116.0,5
다사62bb18ba,28,0,0.0,0.0776048,3,236.0,141.0,5
다사62bb18bb,9,0,0.0,0.0,4,70.0,43.0,9
다사62bb20bb,0,0,0.0,0.0,0,0.0,0.0,1
다사62bb21aa,0,0,0.0,0.0,0,3.0,2.0,1
다사62bb21ab,13,0,0.0,0.0,0,1.0,7.0,1
다사62bb21ba,24,0,0.0,0.0,0,0.0,24.0,9
다사62bb21bb,4,0,0.0,0.0,2,10.0,49.0,9
다사62bb22aa,0,0,0.0,0.0,0,0.0,0.0,1
다사63aa17ab,0,0,0.0,0.0,0,0.0,0.0,1
다사63aa17ba,0,0,0.0,0.0,0,0.0,0.0,1
다사63aa17bb,0,0,0.0,0.0,0,0.0,0.0,1
다사63aa18aa,0,0,0.0,0.0,0,0.0,0.0,1
다사63aa18ab,7,0,0.0,0.0,9,70.0,45.0,9
다사63aa18ba,8,0,0.0,0.0,5,77.0,61.0,5
다사63aa18bb,9,0,0.0,0.0,6,93.0,46.0,9
다사63aa19aa,0,0,0.0,0.087232,0,0.0,1.0,1
다사63aa20bb,0,0,0.0,0.0,0,0.0,0.0,1
다사63aa21aa,0,0,0.0,0.0,0,0.0,8.0,1
다사63aa21ab,1,0,0.0,0.0,0,2.0,27.0,1
다사63aa21ba,6,0,0.0,0.0,1,0.0,11.0,1
다사63aa21bb,16,0,0.0,0.0,3,13.0,40.0,9
다사63aa22aa,4,0,0.0,0.0,2,0.0,3.0,1
다사63ab18ab,1,0,0.0,0.0,0,0.0,0.0,1
다사63ab18ba,7,0,0.0,0.0,1,2.0,0.0,1
다사63ab18bb,0,0,0.0,0.0,0,0.0,0.0,1
다사63ab21aa,0,0,0.0,0.0,0,0.0,1.0,1
다사63ab21ab,0,0,0.0,0.0,0,0.0,0.0,1
다사63ab21ba,0,0,0.0,0.0,0,0.0,0.0,1
다사63ab21bb,17,0,0.0,0.0,0,5.0,9.0,9
다사63ab22aa,1,0,0.0,0.0,0,0.0,6.0,1
다사63ab22ab,0,0,0.0,0.0,0,0.0,0.0,1
다사63ba21aa,0,0,0.0,0.0,0,0.0,0.0,1
다사63ba21ab,0,0,0.0,0.0,0,0.0,0.0,1
다사63ba21ba,0,0,0.0,0.0,0,0.0,0.0,1
다사63ba21bb,2,0,0.0,0.0,0,0.0,0.0,1
다사63ba22aa,0,0,0.0,0.0,0,0.0,0.0,1
