,fc_nm,fc_type,sido_nm,sgg_nm,sgg_cd,road_addr,jibun_addr,lat,lon,phone_num,week_start_time,week_end_time,sat_start_time,sat_end_time,holiday_start_time,holiday_end_time,delivery_start_time,delivery_end_time,manage_agency,manage_agency_pn,base_date
0,미남꼬마김밥연구소,1,경기도,수원시,41115,경기도 수원시 장안구 송정로60번길 17,경기도 수원시 장안구 정자동 36-8,37.29530495,127.0043333,031-304-6230,10:30,22:00,10:30,19:00,0:00,0:00,10:30,22:00,경기도 수원시,031-228-2358,2021-03-11
1,파스타입니다 화서점,1,경기도,수원시,41115,경기도 수원시 장안구 장안로54번길 21-4,경기도 수원시 장안구 영화동 391-30,37.29011007,127.0052791,070-8848-3987,11:00,23:00,10:00,23:00,10:00,23:00,11:00,23:00,경기도 수원시,031-228-2358,2021-03-11
2,예스푸드 조원점,1,경기도,수원시,41115,경기도 수원시 장안구 송정로 195,경기도 수원시 장안구 조원동 740-1,37.29940103,127.017467,031-251-9366,0:00,0:00,0:00,0:00,0:00,0:00,0:00,0:00,경기도 수원시,031-228-2358,2021-03-11
3,인정국물떡볶이장안구,1,경기도,수원시,41115,경기도 수원시 장안구 파장로 4,경기도 수원시 장안구 송죽동 444-15,37.303781,126.9998272,031-252-2072,12:00,0:00,12:00,0:00,12:00,0:00,12:00,0:00,경기도 수원시,031-228-2358,2021-03-11
4,비에이치씨조원주공한일점,1,경기도,수원시,41115,경기도 수원시 장안구 금당로 42,경기도 수원시 장안구 조원동 731-4,37.3028762,127.01578,031-245-7636,12:00,24:00:00,12:00,24:00:00,12:00,24:00:00,12:00,24:00:00,경기도 수원시,031-228-2358,2021-03-11
5,GS25 수원영화점,1,경기도,수원시,41115,경기도 수원시 장안구 장안로18번길 1,경기도 수원시 장안구 영화동 425-16,37.28687312,127.0064715,031-244-5881,0:00,0:00,0:00,0:00,0:00,0:00,0:00,0:00,경기도 수원시,031-228-2358,2021-03-11
6,아재갈비찜,1,경기도,수원시,41115,경기도 수원시 장안구 파장천로44번길 87,경기도 수원시 장안구 파장동 622,37.30787161,127.0004617,031-8067-6400,11:00,0:30,11:00,0:30,11:00,0:30,11:00,0:30,경기도 수원시,031-228-2358,2021-03-11
7,혼밥대왕,1,경기도,수원시,41115,경기도 수원시 장안구 파장로21번길 28,경기도 수원시 장안구 파장동 495-48,37.30342812,126.997235,031-546-3903,11:00,23:00,11:00,23:00,11:00,23:00,11:00,23:00,경기도 수원시,031-228-2358,2021-03-11
8,고기굽는혀누네,1,경기도,수원시,41115,경기도 수원시 장안구 장안로 342,경기도 수원시 장안구 이목동 865,37.31160031,126.9872528,031-268-9203,11:00,22:00,11:00,22:00,11:00,22:00,11:00,22:00,경기도 수원시,031-228-2358,2021-03-11
9,롯데리아수원정자점,1,경기도,수원시,41115,경기도 수원시 장안구 정자천로173번길 17,경기도 수원시 장안구 정자동 876-2,37.29615213,126.9941524,031-269-0069,9:00,1:00,9:00,1:00,9:00,1:00,10:00,0:00,경기도 수원시,031-228-2358,2021-03-11
10,비비큐 수원송죽점,1,경기도,수원시,41115,경기도 수원시 장안구 경수대로994번길 49,경기도 수원시 장안구 송죽동 73,37.30757914,127.0044888,031-254-9282,12:00,23:00,12:00,23:00,12:00,23:00,12:00,23:00,경기도 수원시,031-228-2358,2021-03-11
11,이마트24 수원정자점,1,경기도,수원시,41115,경기도 수원시 장안구 대평로 128,경기도 수원시 장안구 정자동 266-3,37.29893193,126.9913169,02-6916-1500,0:00,0:00,0:00,0:00,0:00,0:00,0:00,0:00,경기도 수원시,031-228-2358,2021-03-11
12,광교식당,1,경기도,수원시,41115,경기도 수원시 장안구 창룡대로207번길 7,경기도 수원시 장안구 연무동 245-14,37.29309172,127.0326563,031-252-9990,6:00,21:00,6:00,19:00,0:00,0:00,0:00,0:00,경기도 수원시,031-228-2358,2021-03-11
13,고기굽는혀누네,1,경기도,수원시,41115,경기도 수원시 장안구 장안로 342,경기도 수원시 장안구 이목동 865,37.31160031,126.9872528,031-268-9203,11:00,22:00,11:00,22:00,11:00,22:00,11:00,22:00,경기도 수원시,031-228-2358,2021-03-11
14,미니스톱 수원조원점,1,경기도,수원시,41115,경기도 수원시 장안구 조원로 91,경기도 수원시 장안구 조원동 743-5,37.30096621,127.0155785,031-245-2380,9:00,20:00,9:00,20:00,9:00,20:00,0:00,0:00,경기도 수원시,031-228-2358,2021-03-11
15,힌카쿠,1,경기도,수원시,41115,경기도 수원시 장안구 서부로2126번길 10,경기도 수원시 장안구 율전동 290-43,37.29794214,126.9720753,031-8002-0070,11:00,24:00:00,0:00,0:00,0:00,0:00,0:00,0:00,경기도 수원시,031-228-2358,2021-03-11
16,엄마밥상,1,경기도,수원시,41115,경기도 수원시 장안구 영화로 62,경기도 수원시 장안구 정자동 81-14,37.29244771,127.0072665,031-244-3302,11:30,21:00,11:30,21:00,0:00,0:00,0:00,0:00,경기도 수원시,031-228-2358,2021-03-11
17,따로닭 조원직영점,1,경기도,수원시,41115,경기도 수원시 장안구 조원로89번길 43-2,경기도 수원시 장안구 조원동 765,37.29943096,127.0139542,031-255-5895,10:30,21:00,10:30,21:00,10:30,21:00,0:00,0:00,경기도 수원시,031-228-2358,2021-03-11
18,백남옥손만두,1,경기도,수원시,41115,경기도 수원시 장안구 정자천로173번길 11-10,경기도 수원시 장안구 정자동 876-5,37.29573936,126.9940649,0507-1375-1890,8:00,23:00,8:00,23:00,8:00,23:00,10:30,11:00,경기도 수원시,031-228-2358,2021-03-11
19,장군족발,1,경기도,수원시,41115,경기도 수원시 장안구 월드컵로428번길 16,경기도 수원시 장안구 연무동 236-37,37.29417062,127.0261609,031-251-3939,16:00,24:00:00,16:00,0:00,16:00,0:00,16:00,0:00,경기도 수원시,031-228-2358,2021-03-11
20,해피홈(피자 치킨),1,경기도,수원시,41115,경기도 수원시 장안구 파장로 58,경기도 수원시 장안구 파장동 590-10,37.30579702,126.9943643,031-207-1959,11:40,0:40,11:40,0:40,11:40,0:40,11:40,0:40,경기도 수원시,031-228-2358,2021-03-11
21,제주안방갈비,1,경기도,수원시,41115,경기도 수원시 장안구 조원로89번길 9-5,경기도 수원시 장안구 조원동 742-20,37.30052568,127.0157002,031-258-3200,10:00,21:00,10:00,21:00,0:00,0:00,0:00,0:00,경기도 수원시,031-228-2358,2021-03-11
22,육도락 천천동직영점,1,경기도,수원시,41115,경기도 수원시 장안구 천천로 106,경기도 수원시 장안구 천천동 516,37.30096242,126.9836714,0507-1381-7769,10:50,21:00,10:50,21:00,10:50,21:00,3:00,4:00,경기도 수원시,031-228-2358,2021-03-11
23,60판왕뚜껑삼겹살,1,경기도,수원시,41115,경기도 수원시 장안구 상률로46번길 25,경기도 수원시 장안구 율전동 109-16,37.30487925,126.9703546,031-271-5898,15:00,22:00,0:00,0:00,0:00,0:00,0:00,0:00,경기도 수원시,031-228-2358,2021-03-11
24,고피자 수원정자점,1,경기도,수원시,41115,경기도 수원시 장안구 대평로 80,경기도 수원시 장안구 정자동 877-4,37.29553643,126.9936207,031-268-5151,10:30,22:00,10:30,22:00,10:30,22:00,11:00,8:50,경기도 수원시,031-228-2358,2021-03-11
25,고인돌 김밥,1,경기도,수원시,41115,경기도 수원시 장안구 송정로 56-1,경기도 수원시 장안구 정자동 35-30,37.2958931,127.0032581,0508-8196-5857,10:30,20:00,10:30,20:00,10:30,20:00,10:30,20:00,경기도 수원시,031-228-2358,2021-03-11
26,육이오밀면&설렁탕,1,경기도,수원시,41115,경기도 수원시 장안구 장안로217번길 14,경기도 수원시 장안구 정자동 383,37.30179547,126.9934422,0507-1435-5432,10:00,0:30,10:00,0:30,10:00,0:30,0:00,0:00,경기도 수원시,031-228-2358,2021-03-11
27,세븐일레븐 장안대평로점,1,경기도,수원시,41115,경기도 수원시 장안구 정자로130번길 29,경기도 수원시 장안구 정자동 375-2,37.30189035,126.9919961,031-269-9777,0:00,23:59,0:00,23:59,0:00,23:59,0:00,0:00,경기도 수원시,031-228-2358,2021-03-11
28,함지박부페,1,경기도,수원시,41115,경기도 수원시 장안구 창훈로8번길 2,경기도 수원시 장안구 연무동 245-49,37.2930635,127.0310644,031-256-2323,5:00,21:00,0:00,0:00,0:00,0:00,0:00,0:00,경기도 수원시,031-228-2358,2021-03-11
29,맘스터치 파장시장점,1,경기도,수원시,41115,경기도 수원시 장안구 장안로 272-9,경기도 수원시 장안구 정자동 537-2,37.30650147,126.9916491,031-271-6133,11:00,22:00,11:00,22:00,11:00,22:00,11:00,22:00,경기도 수원시,031-228-2358,2021-03-11
30,처갓집양념치킨 율전점,1,경기도,수원시,41115,경기도 수원시 장안구 율전로101번길 43,경기도 수원시 장안구 율전동 360-9,37.29858707,126.9664033,031-295-9282,12:00,1:30,12:00,1:30,12:00,1:30,12:00,1:00,경기도 수원시,031-228-2358,2021-03-11
31,자담치킨 율천점,1,경기도,수원시,41115,경기도 수원시 장안구 일월로76번길 23,경기도 수원시 장안구 천천동 385-19,37.29009589,126.9780142,031-227-0402,15:00,23:30,15:00,23:30,15:00,23:30,15:00,23:30,경기도 수원시,031-228-2358,2021-03-11
32,에이스찹쌀꽈배기,1,경기도,수원시,41115,경기도 수원시 장안구 경수대로1081번길 21,경기도 수원시 장안구 파장동 578,37.30833024,126.9934985,031-268-5110,11:00,20:00,11:00,20:00,11:00,20:00,11:00,20:00,경기도 수원시,031-228-2358,2021-03-11
33,떡뽁이플렉스,1,경기도,수원시,41115,경기도 수원시 장안구 장안로7번길 10,경기도 수원시 장안구 영화동 446-8,37.28615473,127.0064124,031-241-1770,11:00,21:30,11:00,21:30,11:00,21:30,11:00,21:30,경기도 수원시,031-228-2358,2021-03-11
34,토미비비큐하우스,1,경기도,수원시,41115,경기도 수원시 장안구 팔달로 201,경기도 수원시 장안구 영화동 443-8,37.28595459,127.0081164,031-258-7877,13:00,23:00,13:00,23:00,13:00,23:00,13:00,23:00,경기도 수원시,031-228-2358,2021-03-11
35,오성백프로수제돈까스&한식,1,경기도,수원시,41115,경기도 수원시 장안구 송정로76번길 51-2,경기도 수원시 장안구 정자동 67-2,37.29369945,127.0070329,031-243-2901,9:20,20:50,9:20,20:50,0:00,0:00,9:20,20:50,경기도 수원시,031-228-2358,2021-03-11
36,밥은(화),1,경기도,수원시,41115,경기도 수원시 장안구 서부로2106번길 26-6,경기도 수원시 장안구 율전동 433-164,37.29717441,126.971882,031-307-7948,10:30,20:30,10:30,20:30,10:30,20:30,11:00,20:00,경기도 수원시,031-228-2358,2021-03-11
37,자담치킨 영화점,1,경기도,수원시,41115,경기도 수원시 장안구 수성로 334,경기도 수원시 장안구 영화동 449-25,37.2922448,127.0085915,031-242-9979,15:00,23:30,14:00,23:30,14:00,23:30,14:00,23:30,경기도 수원시,031-228-2358,2021-03-11
38,석기정,1,경기도,수원시,41115,경기도 수원시 장안구 만석로19번길 11-7,경기도 수원시 장안구 천천동 528-3,37.29549615,126.9834305,031-269-0990,11:00,21:00,11:00,21:00,11:00,21:00,0:00,0:00,경기도 수원시,031-228-2358,2021-03-11
39,푸라닭수원정자3동점,1,경기도,수원시,41115,경기도 수원시 장안구 덕영대로511번길 29-17,경기도 수원시 장안구 천천동 506-3,37.29975352,126.9797136,031-271-9206,14:00,24:00:00,14:00,24:00:00,14:00,24:00:00,12:30,12:00,경기도 수원시,031-228-2358,2021-03-11
40,교촌치킨 연무1호점,1,경기도,수원시,41115,경기도 수원시 장안구 월드컵로 420-2,경기도 수원시 장안구 연무동 249-13,37.29329647,127.0263969,031-253-9244,12:00,24:00:00,12:00,24:00:00,12:00,24:00:00,12:00,24:00:00,경기도 수원시,031-228-2358,2021-03-11
41,바비큐꼬기도시락,1,경기도,수원시,41115,경기도 수원시 장안구 영화로50번길 28,경기도 수원시 장안구 영화동 350-1,37.29181196,127.0095302,031-255-7729,11:00,24:00:00,11:00,24:00:00,11:00,24:00:00,11:00,24:00:00,경기도 수원시,031-228-2358,2021-03-11
42,홍대장소고기집,1,경기도,수원시,41115,경기도 수원시 장안구 정자로 39,경기도 수원시 장안구 천천동 481-5,37.30085716,126.9811391,031-890-8892,15:00,22:00,15:00,22:00,15:00,22:00,0:00,0:00,경기도 수원시,031-228-2358,2021-03-11
43,지코바 송죽점,1,경기도,수원시,41115,경기도 수원시 장안구 만석로 214,경기도 수원시 장안구 송죽동 446-18,37.30517182,127.001835,031-244-9295,16:00,24:00:00,12:00,24:00:00,12:00,24:00:00,16:00,24:00:00,경기도 수원시,031-228-2358,2021-03-11
44,미락,1,경기도,수원시,41115,경기도 수원시 장안구 팔달로 312-9,경기도 수원시 장안구 영화동 117-11,37.29159443,127.0187105,031-244-8867,11:00,22:00,11:00,22:00,11:00,22:00,0:00,0:00,경기도 수원시,031-228-2358,2021-03-11
45,백채김치찌개 성균관대점,1,경기도,수원시,41115,경기도 수원시 장안구 서부로2105번길 21,경기도 수원시 장안구 율전동 408-6,37.29676069,126.9691519,0507-1376-1912,11:00,24:00:00,11:00,24:00:00,11:00,24:00:00,11:00,24:00:00,경기도 수원시,031-228-2358,2021-03-11
46,코닭치킨,1,경기도,수원시,41115,경기도 수원시 장안구 만석로210번길 77,경기도 수원시 장안구 송죽동 496-24,37.30284659,127.0052487,0507-1418-9983,16:00,24:00:00,16:00,24:00:00,16:00,24:00:00,16:00,24:00:00,경기도 수원시,031-228-2358,2021-03-11
47,지에스25정자스카이점,1,경기도,수원시,41115,경기도 수원시 장안구 장안로 92,경기도 수원시 장안구 정자동 48-8,37.29241196,127.0021515,031-253-3824,0:00,23:59,0:00,23:59,0:00,23:59,0:00,0:00,경기도 수원시,031-228-2358,2021-03-11
48,59피자북수원시장점,1,경기도,수원시,41115,경기도 수원시 장안구 장안로 272-9,경기도 수원시 장안구 정자동 537-2,37.30650147,126.9916491,031-271-2559,11:00,22:00,11:00,22:00,11:00,22:00,0:00,0:00,경기도 수원시,031-228-2358,2021-03-11
49,달리는족족,1,경기도,수원시,41115,경기도 수원시 장안구 영화로72번길 7,경기도 수원시 장안구 정자동 68-7,37.29325704,127.0070265,0507-1403-5356,11:00,23:00,11:00,23:00,0:00,0:00,11:00,23:00,경기도 수원시,031-228-2358,2021-03-11
50,양자강,1,경기도,수원시,41115,경기도 수원시 장안구 송정로 176,경기도 수원시 장안구 조원동 770-13,37.2983166,127.0157384,031-293-0182,7:00,23:00,7:00,23:00,7:00,23:00,0:00,0:00,경기도 수원시,031-228-2358,2021-03-11
51,배사장,1,경기도,수원시,41115,경기도 수원시 권선구 권광로109번길 24,경기도 수원시 권선구 권선동 1027-18,37.25802529,127.0288957,0507-1381-6377,15:00,3:00,15:00,3:00,15:00,3:00,15:00,3:00,경기도 수원시,031-228-6429,2021-03-11
52,양촌리닭계장,1,경기도,수원시,41115,경기도 수원시 권선구 호매실로 22-62,경기도 수원시 권선구 탑동 619-2,37.25932726,126.9716846,031-292-8252,11:00,21:00,11:00,21:00,11:00,21:00,11:00,21:00,경기도 수원시,031-228-6429,2021-03-11
53,일미리금계찜닭구운탑동점,1,경기도,수원시,41115,경기도 수원시 권선구 구운중로22번길 17,경기도 수원시 권선구 구운동 518-7,37.2767297,126.974842,031-294-1222,11:30,23:00,11:30,23:00,11:30,23:00,11:30,23:00,경기도 수원시,031-228-6429,2021-03-11
54,피자마루 입북점,1,경기도,수원시,41115,경기도 수원시 권선구 입북로 47,경기도 수원시 권선구 입북동 264-3,37.29588113,126.9588639,031-296-1082,11:00,21:00,11:00,21:00,11:00,21:00,11:00,21:00,경기도 수원시,031-228-6429,2021-03-11
55,한's돈까스,1,경기도,수원시,41115,경기도 수원시 권선구 구운로14번길 22,경기도 수원시 권선구 구운동 503-12,37.27791588,126.9763943,031-227-4193,11:30,21:00,11:30,21:00,11:30,21:00,0:00,0:00,경기도 수원시,031-228-6429,2021-03-11
56,지에스25 권선골드점,1,경기도,수원시,41115,경기도 수원시 권선구 세지로140번길 2,경기도 수원시 권선구 권선동 950,37.26391508,127.020559,031-223-7330,0:00,24:00:00,0:00,24:00:00,0:00,24:00:00,0:00,24:00:00,경기도 수원시,031-228-6429,2021-03-11
57,지에스25 권선아이파크점,1,경기도,수원시,41115,경기도 수원시 권선구 덕영대로1190번길 100,경기도 수원시 권선구 권선동 1337,37.24469781,127.0194358,031-223-9754,0:00,24:00:00,0:00,24:00:00,0:00,24:00:00,0:00,24:00:00,경기도 수원시,031-228-6429,2021-03-11
58,비에이치씨치킨,1,경기도,수원시,41115,경기도 수원시 권선구 권광로 55,경기도 수원시 권선구 권선동 1330-1,37.25497896,127.0257724,050-7715-8449,11:30,24:00:00,11:30,24:00:00,11:30,24:00:00,11:30,24:00:00,경기도 수원시,031-228-6429,2021-03-11
59,을찌로국물떡볶이,1,경기도,수원시,41115,경기도 수원시 권선구 동수원로146번길 307,경기도 수원시 권선구 곡반정동 529-6,37.24251407,127.0304153,031-222-5291,11:00,23:00,11:00,23:00,11:00,23:00,11:00,23:00,경기도 수원시,031-228-6429,2021-03-11
60,벌터,1,경기도,수원시,41115,경기도 수원시 권선구 수인로341번길 142,경기도 수원시 권선구 입북동 633-34,37.28350815,126.9604244,0507-1480-5859,11:00,22:00,11:00,22:00,11:00,22:00,11:00,22:00,경기도 수원시,031-228-6429,2021-03-11
61,강명수 아저씨네,1,경기도,수원시,41115,경기도 수원시 권선구 권중로56번길 21,경기도 수원시 권선구 권선동 1256,37.25279551,127.0301194,031-239-2258,0:00,24:00:00,0:00,24:00:00,0:00,24:00:00,0:00,24:00:00,경기도 수원시,031-228-6429,2021-03-11
62,쿡앤푸드,1,경기도,수원시,41115,경기도 수원시 권선구 오목천로152번길 40,경기도 수원시 권선구 고색동 958,37.24292335,126.9773535,031-227-6888,11:00,18:40,11:00,18:40,11:00,18:40,0:00,0:00,경기도 수원시,031-228-6429,2021-03-11
63,정옥집,1,경기도,수원시,41115,경기도 수원시 권선구 금곡로197번길 13,경기도 수원시 권선구 금곡동 1112-1,37.27413786,126.9514324,0507-1315-7992,11:00,24:00:00,11:00,24:00:00,11:00,24:00:00,0:00,0:00,경기도 수원시,031-228-6429,2021-03-11
64,찐참치정육점,1,경기도,수원시,41115,경기도 수원시 권선구 금곡로118번길 34-14,경기도 수원시 권선구 금곡동 1089-1,37.27279654,126.9424996,0507-1304-7906,14:00,24:00:00,14:00,24:00:00,14:00,24:00:00,14:00,24:00:00,경기도 수원시,031-228-6429,2021-03-11
65,쿠우쿠우 서수원점,1,경기도,수원시,41115,경기도 수원시 권선구 금곡로 206,경기도 수원시 권선구 금곡동 1117-1,37.27405081,126.9543349,031-294-3110,11:30,21:00,11:30,21:00,11:30,21:00,11:30,21:00,경기도 수원시,031-228-6429,2021-03-11
66,스시자카,1,경기도,수원시,41115,경기도 수원시 권선구 금호로 83-8,경기도 수원시 권선구 금곡동 1141,37.27204759,126.9592003,070-8777-2248,11:30,22:00,11:30,22:00,11:30,22:00,11:30,22:00,경기도 수원시,031-228-6429,2021-03-11
67,일품양평해장국 수원탑동점,1,경기도,수원시,41115,경기도 수원시 권선구 탑동로36번길 5-11,경기도 수원시 권선구 탑동 789-6,37.27268017,126.9745058,0507-1347-2007,10:00,22:00,10:00,22:00,10:00,22:00,10:00,22:00,경기도 수원시,031-228-6429,2021-03-11
68,삼포리수산,1,경기도,수원시,41115,경기도 수원시 권선구 금곡로197번길 59-29,경기도 수원시 권선구 금곡동 1105-9,37.2762777,126.953553,031-278-1253,11:00,23:00,11:00,23:00,11:00,23:00,11:00,23:00,경기도 수원시,031-228-6429,2021-03-11
69,놀부보쌈&흥부찜닭,1,경기도,수원시,41115,경기도 수원시 권선구 노림로 26-3,경기도 수원시 권선구 호매실동 396,37.26839726,126.9546571,050-4932-3388,11:00,23:00,11:00,23:00,11:00,23:00,11:00,23:00,경기도 수원시,031-228-6429,2021-03-11
70,나도람키친 호매실점,1,경기도,수원시,41115,경기도 수원시 권선구 호매실로218번길 22,경기도 수원시 권선구 호매실동 1380,37.26320212,126.9580836,031-291-9282,12:00,24:00:00,12:00,24:00:00,12:00,24:00:00,12:00,24:00:00,경기도 수원시,031-228-6429,2021-03-11
71,지에스25 고색대성점,1,경기도,수원시,41115,경기도 수원시 권선구 매송고색로711번길 10,경기도 수원시 권선구 고색동 890-130,37.25185954,126.9820263,031-292-5111,0:00,24:00:00,0:00,24:00:00,0:00,24:00:00,0:00,24:00:00,경기도 수원시,031-228-6429,2021-03-11
72,개성면가,1,경기도,수원시,41115,경기도 수원시 권선구 일월천로4번길 32,경기도 수원시 권선구 구운동 918-1,37.2821481,126.9740306,0507-1485-1245,11:30,21:00,11:30,21:00,11:30,21:00,11:30,21:00,경기도 수원시,031-228-6429,2021-03-11
73,이마트24 수원세류점,1,경기도,수원시,41115,경기도 수원시 권선구 권선로474번길 3,경기도 수원시 권선구 세류동 180-5,37.26377823,127.0034045,031-235-1635,6:00,1:00,6:00,1:00,6:00,1:00,6:00,1:00,경기도 수원시,031-228-6429,2021-03-11
74,고기듬뿍대왕비빔밥,1,경기도,수원시,41115,경기도 수원시 권선구 금곡로197번길 59-12,경기도 수원시 권선구 금곡동 1106-10,37.27609199,126.9531067,031-292-4323,10:30,21:00,10:30,21:00,10:30,21:00,10:30,21:00,경기도 수원시,031-228-6429,2021-03-11
75,7377,1,경기도,수원시,41115,경기도 수원시 권선구 서둔로 166,경기도 수원시 권선구 서둔동 103-25,37.26677627,126.9850182,0507-1331-3192,11:00,19:00,11:00,19:00,11:00,19:00,11:00,19:00,경기도 수원시,031-228-6429,2021-03-11
76,브라보치킨피자 수원호매실점,1,경기도,수원시,41115,경기도 수원시 권선구 금곡로197번길 18-24,경기도 수원시 권선구 금곡동 1113-3,37.27467515,126.9529839,070-7809-7666,11:00,1:00,11:00,1:00,11:00,1:00,11:00,1:00,경기도 수원시,031-228-6429,2021-03-11
77,이백장돈가스 탑동점,1,경기도,수원시,41115,경기도 수원시 권선구 하탑로 52,경기도 수원시 권선구 탑동 885-2,37.26909272,126.9774,031-292-0203,11:00,21:00,11:00,21:00,11:00,21:00,11:00,21:00,경기도 수원시,031-228-6429,2021-03-11
78,수원축산농협 하나로마트 곡반정점,1,경기도,수원시,41115,경기도 수원시 권선구 곡반정로 121,경기도 수원시 권선구 곡반정동 555,37.23893156,127.0308933,031-210-1900,10:00,21:00,10:00,21:00,10:00,21:00,10:00,21:00,경기도 수원시,031-228-6429,2021-03-11
79,다랑참치,1,경기도,수원시,41115,경기도 수원시 권선구 곡반정로97번길 22,경기도 수원시 권선구 곡반정동 571-7,37.2375458,127.0292832,031-231-2244,16:30,24:00:00,16:30,24:00:00,16:30,24:00:00,16:30,24:00:00,경기도 수원시,031-228-6429,2021-03-11
80,어린양양꼬치,1,경기도,수원시,41115,경기도 수원시 권선구 금곡로118번길 34-10,경기도 수원시 권선구 금곡동 1089-2,37.27276964,126.9427713,031-298-4830,14:00,1:00,14:00,1:00,14:00,1:00,14:00,1:00,경기도 수원시,031-228-6429,2021-03-11
81,쭈꾸미갤러리,1,경기도,수원시,41115,경기도 수원시 권선구 금곡로102번길 49-24,경기도 수원시 권선구 금곡동 1089,37.27279459,126.9422104,0507-1363-4947,10:00,23:00,10:00,23:00,10:00,23:00,10:00,23:00,경기도 수원시,031-228-6429,2021-03-11
82,GS25 세류빌리지,1,경기도,수원시,41115,경기도 수원시 권선구 정조로526번길 19,경기도 수원시 권선구 세류동 535-9,37.25612506,127.0125213,031-222-8987,0:00,24:00:00,0:00,24:00:00,0:00,24:00:00,0:00,24:00:00,경기도 수원시,031-228-6429,2021-03-11
83,지에스(GS)25 서둔햇살점,1,경기도,수원시,41115,경기도 수원시 권선구 세화로190번길 13,경기도 수원시 권선구 서둔동 17-160,37.26898005,126.9946125,031-291-0533,0:00,24:00:00,0:00,24:00:00,0:00,24:00:00,0:00,24:00:00,경기도 수원시,031-228-6429,2021-03-11
84,하이난,1,경기도,수원시,41115,경기도 수원시 권선구 세권로195번길 10-1,경기도 수원시 권선구 권선동 1048-16,37.25583995,127.0259668,031-222-3488,10:30,21:00,10:30,21:00,10:30,21:00,10:30,21:00,경기도 수원시,031-228-6429,2021-03-11
85,이마트24 수원청광점,1,경기도,수원시,41115,경기도 수원시 권선구 경수대로 408,경기도 수원시 권선구 권선동 1010-1,37.26265204,127.025445,031-238-8202,6:00,1:00,6:00,1:00,6:00,1:00,6:00,1:00,경기도 수원시,031-228-6429,2021-03-11
86,호식이두마리치킨오목천점,1,경기도,수원시,41115,경기도 수원시 권선구 서수원로183번길 3,경기도 수원시 권선구 오목천동 227-2,37.24320262,126.9688047,031-292-9240,12:00,23:59,12:00,23:59,12:00,23:59,12:00,23:59,경기도 수원시,031-228-6429,2021-03-11
87,와플대학 수원호매실캠퍼스,1,경기도,수원시,41115,경기도 수원시 권선구 금곡로102번길 48,경기도 수원시 권선구 금곡동 1083-2,37.27203434,126.9413881,031-296-5173,10:00,22:00,10:00,22:00,10:00,22:00,10:00,22:00,경기도 수원시,031-228-6429,2021-03-11
88,와플칸,1,경기도,수원시,41115,경기도 수원시 권선구 호매실로218번길 111,경기도 수원시 권선구 호매실동 1371,37.26552551,126.9582106,031-227-0007,10:00,20:00,10:00,20:00,10:00,20:00,10:00,20:00,경기도 수원시,031-228-6429,2021-03-11
89,최고당돈가스,1,경기도,수원시,41115,경기도 수원시 권선구 곡선로50번길 13-6,경기도 수원시 권선구 곡반정동 568-2,37.23794132,127.0298009,0507-1356-7912,11:00,21:00,11:00,21:00,11:00,21:00,11:00,21:00,경기도 수원시,031-228-6429,2021-03-11
90,처갓집양념치킨 곡반정점,1,경기도,수원시,41115,경기도 수원시 권선구 곡선로50번길 22-22,경기도 수원시 권선구 곡반정동 569-16,37.23831196,127.0282042,031-222-9799,14:00,2:00,14:00,2:00,14:00,2:00,14:00,2:00,경기도 수원시,031-228-6429,2021-03-11
91,대박고깃집 권중점,1,경기도,수원시,41115,경기도 수원시 권선구 권중로56번길 37,경기도 수원시 권선구 권선동 1255-1,37.25301971,127.0293174,031-226-1331,12:00,22:00,12:00,22:00,12:00,22:00,0:00,0:00,경기도 수원시,031-228-6429,2021-03-11
92,애슐리 W NC수원터미널,1,경기도,수원시,41115,경기도 수원시 권선구 경수대로 270,경기도 수원시 권선구 권선동 1189,37.25018811,127.0207006,031-8065-3875,11:00,21:00,11:00,21:00,11:00,21:00,0:00,0:00,경기도 수원시,031-228-6429,2021-03-11
93,BBQ치킨 수원권선인계점,1,경기도,수원시,41115,경기도 수원시 권선구 권선로639번길 19,경기도 수원시 권선구 권선동 955-12,37.26169165,127.0216248,031-222-3318,12:00,3:00,12:00,3:00,12:00,3:00,12:00,3:00,경기도 수원시,031-228-6429,2021-03-11
94,씨유(CU)세류2동점,1,경기도,수원시,41115,경기도 수원시 권선구 세지로 12,경기도 수원시 권선구 세류동 1112,37.2532044,127.0149994,031-224-9673,0:00,24:00:00,0:00,24:00:00,0:00,24:00:00,0:00,24:00:00,경기도 수원시,031-228-6429,2021-03-11
95,비에이치씨(bhc)수원능실점,1,경기도,수원시,41115,경기도 수원시 권선구 호매실로90번길 116,경기도 수원시 권선구 호매실동 1395-3,37.26010366,126.9627841,031-293-3324,12:00,24:00:00,12:00,24:00:00,12:00,24:00:00,12:00,24:00:00,경기도 수원시,031-228-6429,2021-03-11
96,수원축산농협 한우프라자,1,경기도,수원시,41115,경기도 수원시 권선구 곡반정로 121,경기도 수원시 권선구 곡반정동 555,37.23893156,127.0308933,031-233-8253,11:30,21:00,11:30,21:00,11:30,21:00,11:30,21:00,경기도 수원시,031-228-6429,2021-03-11
97,옥선당,1,경기도,수원시,41115,경기도 수원시 권선구 금곡로140번길 95-48,경기도 수원시 권선구 호매실동 1346-1,37.26841158,126.9431585,0507-1393-8222,11:00,21:00,11:00,21:00,11:00,21:00,0:00,0:00,경기도 수원시,031-228-6429,2021-03-11
98,명인족발,1,경기도,수원시,41115,경기도 수원시 권선구 매송고색로 668,경기도 수원시 권선구 고색동 408-23,37.24963872,126.9776922,031-296-1113,13:00,1:00,13:00,1:00,13:00,1:00,13:00,1:00,경기도 수원시,031-228-6429,2021-03-11
99,59쌀피자,1,경기도,수원시,41115,경기도 수원시 권선구 세지로 32,경기도 수원시 권선구 세류동 1090-24,37.25497934,127.0159377,0507-1326-3659,11:00,23:00,0:00,0:00,0:00,0:00,0:00,0:00,경기도 수원시,031-228-6429,2021-03-11
100,원할머니보쌈 권선배달점,1,경기도,수원시,41115,경기도 수원시 권선구 동수원로177번길 40,경기도 수원시 권선구 권선동 1364,37.24668417,127.0301424,031-234-5456,11:00,23:00,11:00,23:00,11:00,23:00,11:00,23:00,경기도 수원시,031-228-6429,2021-03-11
101,어스케이크,1,경기도,수원시,41115,경기도 수원시 권선구 당진로32번길 48-1,경기도 수원시 권선구 당수동 163-12,37.29157999,126.943328,0507-1353-1264,11:00,19:00,11:00,19:00,11:00,19:00,11:00,19:00,경기도 수원시,031-228-6429,2021-03-11
102,온마음푸드,1,경기도,수원시,41115,경기도 수원시 권선구 동수원로146번길 144-6,경기도 수원시 권선구 곡반정동 512-8,37.2445729,127.0339186,031-221-4499,11:00,21:00,11:00,21:00,11:00,21:00,11:00,21:00,경기도 수원시,031-228-6429,2021-03-11
103,보영만두 호매실점,1,경기도,수원시,41115,경기도 수원시 권선구 금호로 83-8,경기도 수원시 권선구 금곡동 1141,37.27204759,126.9592003,031-298-1085,11:00,21:30,11:00,21:30,11:00,21:30,11:00,21:30,경기도 수원시,031-228-6429,2021-03-11
104,바다목장,1,경기도,수원시,41115,경기도 수원시 권선구 권중로56번길 38,경기도 수원시 권선구 권선동 1253-2,37.25321206,127.0294228,031-224-2276,5:00,22:00,5:00,22:00,5:00,22:00,5:00,22:00,경기도 수원시,031-228-6429,2021-03-11
105,정스닭꼬치 호매실점,1,경기도,수원시,41115,경기도 수원시 권선구 칠보로 138,경기도 수원시 권선구 호매실동 1362-1,37.26562076,126.9538717,0507-1344-5948,14:00,23:00,14:00,23:00,14:00,23:00,14:00,23:00,경기도 수원시,031-228-6429,2021-03-11
106,세븐일레븐 수원오목주공점,1,경기도,수원시,41115,경기도 수원시 권선구 삼천병마로 1553,경기도 수원시 권선구 오목천동 444-27,37.2414496,126.962468,031-296-0711,0:00,24:00:00,0:00,24:00:00,0:00,24:00:00,0:00,24:00:00,경기도 수원시,031-228-6429,2021-03-11
107,팔팔스낵 탑동본점,1,경기도,수원시,41115,경기도 수원시 권선구 금호로 226,경기도 수원시 권선구 탑동 758-5,37.27515883,126.974838,0507-1368-8818,11:00,21:00,11:00,21:00,11:00,21:00,11:00,21:00,경기도 수원시,031-228-6429,2021-03-11
108,장작클라스 수원곡반직영점,1,경기도,수원시,41115,경기도 수원시 권선구 곡선로 44,경기도 수원시 권선구 곡반정동 564-6,37.23877952,127.0292667,0507-1496-7822,17:00,2:00,17:00,2:00,17:00,2:00,17:00,2:00,경기도 수원시,031-228-6429,2021-03-11
109,이마트24 수원탑동점,1,경기도,수원시,41115,경기도 수원시 권선구 탑동로11번길 58-16,경기도 수원시 권선구 탑동 821-1,37.27016179,126.9718563,02-6916-1500,6:00,1:00,6:00,1:00,6:00,1:00,6:00,1:00,경기도 수원시,031-228-6429,2021-03-11
110,제일족발,1,경기도,수원시,41115,경기도 수원시 권선구 세권로 185,경기도 수원시 권선구 권선동 1051,37.25609894,127.0245796,031-235-9022,11:30,22:30,11:30,22:30,11:30,22:30,11:30,22:30,경기도 수원시,031-228-6429,2021-03-11
111,신짬뽕,1,경기도,수원시,41115,경기도 수원시 권선구 동수원로46번길 32,경기도 수원시 권선구 곡반정동 591-1,37.23440052,127.0258154,031-236-1174,9:00,21:00,9:00,21:00,9:00,21:00,9:00,21:00,경기도 수원시,031-228-6429,2021-03-11
112,채선당 도시락 & 샐러드(호매실점),1,경기도,수원시,41115,경기도 수원시 권선구 금곡로 193,경기도 수원시 권선구 금곡동 1112-2,37.27386339,126.9516042,031-225-6666,10:30,20:30,10:30,20:30,10:30,20:30,10:30,20:30,경기도 수원시,031-228-6429,2021-03-11
113,배떡 곡반정점,1,경기도,수원시,41115,경기도 수원시 권선구 동수원로146번길 316-3,경기도 수원시 권선구 곡반정동 530-11,37.24273711,127.030965,031-233-5104,11:00,23:00,11:00,23:00,11:00,23:00,11:00,23:00,경기도 수원시,031-228-6429,2021-03-11
114,낙지의 품격,1,경기도,수원시,41115,경기도 수원시 권선구 동수원로 232,경기도 수원시 권선구 권선동 1296-5,37.25025953,127.034691,031-222-0810,10:30,21:30,10:30,21:30,10:30,21:30,10:30,21:30,경기도 수원시,031-228-6429,2021-03-11
115,식또락 부대찌개,1,경기도,수원시,41115,경기도 수원시 권선구 세지로12번길 25-30,경기도 수원시 권선구 세류동 1108,37.25412788,127.0170141,0507-1495-3133,11:00,21:30,11:00,21:30,11:00,21:30,0:00,0:00,경기도 수원시,031-228-6429,2021-03-11
116,최고의 음식점,1,경기도,수원시,41115,경기도 수원시 권선구 경수대로384번길 24,경기도 수원시 권선구 권선동 1019-2,37.26007079,127.0255647,0507-1397-6673,0:00,0:00,0:00,0:00,0:00,0:00,0:00,0:00,경기도 수원시,031-228-6429,2021-03-11
117,꼬마아닌꼬마김밥,1,경기도,수원시,41115,경기도 수원시 권선구 덕영대로1190번길 100,경기도 수원시 권선구 권선동 1337,37.24469781,127.0194358,0507-1378-5958,10:30,21:00,10:30,21:00,10:30,21:00,10:30,21:00,경기도 수원시,031-228-6429,2021-03-11
118,장호덕손만두찐빵,1,경기도,수원시,41115,경기도 수원시 권선구 매송고색로 755,경기도 수원시 권선구 고색동 27-1,37.25285368,126.9869567,0507-1305-7609,0:00,24:00:00,0:00,24:00:00,0:00,0:00,0:00,0:00,경기도 수원시,031-228-6429,2021-03-11
119,수철이네왕새우튀김 호매실점,1,경기도,수원시,41115,경기도 수원시 권선구 금곡로 213,경기도 수원시 권선구 금곡동 1114,37.27485129,126.9536438,031-297-2987,12:00,23:59,12:00,23:59,12:00,23:59,12:00,23:59,경기도 수원시,031-228-6429,2021-03-11
120,어부촌,1,경기도,수원시,41115,경기도 수원시 권선구 권중로56번길 26-4,경기도 수원시 권선구 권선동 1252-1,37.25301759,127.030223,031-217-9279,11:00,23:00,11:00,23:00,11:00,23:00,11:00,23:00,경기도 수원시,031-228-6429,2021-03-11
121,스파게티참잘하는집,1,경기도,수원시,41115,경기도 수원시 권선구 경수대로384번길 24,경기도 수원시 권선구 권선동 1019-2,37.26007079,127.025546,0507-1480-6672,10:00,24:00:00,10:00,24:00:00,10:00,24:00:00,10:00,24:00:00,경기도 수원시,031-228-6429,2021-03-11
122,신전떡볶이 권선점,1,경기도,수원시,41115,경기도 수원시 권선구 권광로56번길 35,경기도 수원시 권선구 권선동 1256-8,37.2525507,127.0304756,0507-1338-2339,11:00,22:00,11:00,22:00,11:00,22:00,11:00,22:00,경기도 수원시,031-228-6429,2021-03-11
123,더맛있는카스테라,1,경기도,수원시,41115,경기도 수원시 권선구 당진로31번길 7-4,경기도 수원시 권선구 당수동 261-7,37.29168554,126.9399119,0507-1374-1486,9:00,20:00,9:00,20:00,9:00,20:00,0:00,0:00,경기도 수원시,031-228-6429,2021-03-11
124,진수성찬,1,경기도,수원시,41115,경기도 수원시 권선구 구운로 80,경기도 수원시 권선구 구운동 471-10,37.2805957,126.972799,031-294-2007,11:00,21:30,11:00,21:30,11:00,21:30,0:00,0:00,경기도 수원시,031-228-6429,2021-03-11
125,노대감 감자탕,1,경기도,수원시,41115,경기도 수원시 팔달구 갓매산로 54,경기도 수원시 팔달구 매산로2가 12-5,37.26923813,127.0048727,031-256-5070,10:00,21:00,10:00,21:00,10:00,21:00,0:00,0:00,경기도 수원시,031-228-7344,2021-03-11
126,이화한식뷔페,1,경기도,수원시,41115,경기도 수원시 팔달구 경수대로 420,경기도 수원시 팔달구 인계동 1015-3,37.26364076,127.0258085,070-8829-8880,0:00,0:00,0:00,0:00,0:00,0:00,0:00,0:00,경기도 수원시,031-228-7344,2021-03-11
127,로마딜리버리,1,경기도,수원시,41115,경기도 수원시 팔달구 경수대로 549,경기도 수원시 팔달구 인계동 955-1,37.27505973,127.029362,031-235-8277,11:30,20:00,11:30,20:00,11:30,20:00,0:00,0:00,경기도 수원시,031-228-7344,2021-03-11
128,생생돈까스 수원인계 딜리버리점,1,경기도,수원시,41115,경기도 수원시 팔달구 경수대로446번길 35,경기도 수원시 팔달구 인계동 1024-14,37.26564803,127.0284714,031-233-1508,10:00,21:00,10:00,21:00,10:00,21:00,10:00,21:00,경기도 수원시,031-228-7344,2021-03-11
129,형노가정육식당,1,경기도,수원시,41115,경기도 수원시 팔달구 경수대로466번길 33,경기도 수원시 팔달구 인계동 1019-6,37.26740655,127.0290468,0507-1337-8393,0:00,0:00,0:00,0:00,0:00,0:00,0:00,0:00,경기도 수원시,031-228-7344,2021-03-11
130,제주은희네해장국 수원인계점,1,경기도,수원시,41115,경기도 수원시 팔달구 경수대로466번길 52,경기도 수원시 팔달구 인계동 1034-3,37.26666633,127.0298327,031-302-8475,6:00,22:00,6:00,22:00,7:00,22:00,0:00,0:00,경기도 수원시,031-228-7344,2021-03-11
131,대궐,1,경기도,수원시,41115,경기도 수원시 팔달구 경수대로642번길 55,경기도 수원시 팔달구 우만동 513-7,37.28439894,127.0317224,0507-1361-5293,10:30,21:30,10:30,21:30,10:30,21:30,0:00,0:00,경기도 수원시,031-228-7344,2021-03-11
132,피그팩토리,1,경기도,수원시,41115,경기도 수원시 팔달구 경수대로718번길 36,경기도 수원시 팔달구 우만동 587-2,37.29049831,127.0267585,031-243-8216,0:00,0:00,0:00,0:00,0:00,0:00,0:00,0:00,경기도 수원시,031-228-7344,2021-03-11
133,샐러디 인계점,1,경기도,수원시,41115,경기도 수원시 팔달구 권광로 174,경기도 수원시 팔달구 인계동 1124-1,37.26286526,127.0329691,031-8004-2271,8:00,22:00,8:00,21:00,8:00,21:00,0:00,0:00,경기도 수원시,031-228-7344,2021-03-11
134,스시벅스인계점,1,경기도,수원시,41115,경기도 수원시 팔달구 권광로124번길 13,경기도 수원시 팔달구 인계동 1132-18,37.2587584,127.031424,031-225-4438,11:30,22:00,11:30,22:00,11:30,22:00,0:00,0:00,경기도 수원시,031-228-7344,2021-03-11
135,공리(인계점),1,경기도,수원시,41115,경기도 수원시 팔달구 권광로285번길 7,경기도 수원시 팔달구 인계동 370-4,37.27251279,127.0357947,0507-1384-0288,10:00,20:40,10:00,20:40,10:00,20:40,0:00,0:00,경기도 수원시,031-228-7344,2021-03-11
136,까페 꼴라쥬,1,경기도,수원시,41115,경기도 수원시 팔달구 권선로 739,경기도 수원시 팔달구 인계동 1135-1,37.25815367,127.0321165,0507-1383-9192,10:20,22:30,10:20,22:30,10:20,22:30,0:00,0:00,경기도 수원시,031-228-7344,2021-03-11
137,보용만두 화서역점,1,경기도,수원시,41115,경기도 수원시 팔달구 덕영대로 695,경기도 수원시 팔달구 화서동 644-8,37.28471852,126.9903301,031-255-6400,0:00,0:00,0:00,0:00,0:00,0:00,0:00,0:00,경기도 수원시,031-228-7344,2021-03-11
138,씨유(CU) 수원화서영광점,1,경기도,수원시,41115,경기도 수원시 팔달구 동말로25번길 71,경기도 수원시 팔달구 화서동 219-20,37.28064144,126.9952523,031-251-4180,0:00,0:00,0:00,0:00,0:00,0:00,0:00,0:00,경기도 수원시,031-228-7344,2021-03-11
139,영탁이네만두,1,경기도,수원시,41115,경기도 수원시 팔달구 동말로68번길 15,경기도 수원시 팔달구 화서동 97-2,37.27823105,127.002086,031-243-0754,0:00,0:00,0:00,0:00,0:00,0:00,0:00,0:00,경기도 수원시,031-228-7344,2021-03-11
140,짜오띵,1,경기도,수원시,41115,경기도 수원시 팔달구 매산로 133,경기도 수원시 팔달구 교동 91-1,37.2722582,127.0149964,0507-1371-4549,11:00,21:00,11:00,21:00,11:00,21:00,11:00,21:00,경기도 수원시,031-228-7344,2021-03-11
141,자금성,1,경기도,수원시,41115,경기도 수원시 팔달구 매산로116번길 71,경기도 수원시 팔달구 매교동 133-36,37.26838775,127.0152582,050-7461-2343,0:00,23:30,0:00,23:30,0:00,23:30,0:00,0:00,경기도 수원시,031-228-7344,2021-03-11
142,씨유(CU)우만풍림점,1,경기도,수원시,41115,경기도 수원시 팔달구 세지로 439-13,경기도 수원시 팔달구 우만동 497,37.28732735,127.0319478,031-246-0777,0:00,0:00,0:00,0:00,0:00,0:00,0:00,0:00,경기도 수원시,031-228-7344,2021-03-11
143,수빈이네 베이커리&죽 디저트카페,1,경기도,수원시,41115,경기도 수원시 팔달구 세지로152번길 15,경기도 수원시 팔달구 인계동 1005-3,37.2648456,127.0219746,070-4647-2869,9:00,18:00,9:00,18:00,9:00,18:00,0:00,0:00,경기도 수원시,031-228-7344,2021-03-11
144,윤실장초밥,1,경기도,수원시,41115,경기도 수원시 팔달구 세지로152번길 15,경기도 수원시 팔달구 인계동 1005-3,37.2648456,127.0219746,0507-1343-7725,11:00,23:00,11:00,23:00,11:00,23:00,0:00,0:00,경기도 수원시,031-228-7344,2021-03-11
145,권사부인계점,1,경기도,수원시,41115,경기도 수원시 팔달구 세지로152번길 8,경기도 수원시 팔달구 인계동 1008-20,37.26478003,127.0213472,031-221-8884,0:00,0:00,0:00,0:00,0:00,0:00,0:00,0:00,경기도 수원시,031-228-7344,2021-03-11
146,정월,1,경기도,수원시,41115,경기도 수원시 팔달구 신풍로 47,경기도 수원시 팔달구 신풍동 32-1,37.28529709,127.0140821,0507-1361-1269,16:00,0:00,16:00,0:00,16:00,0:00,0:00,0:00,경기도 수원시,031-228-7344,2021-03-11
147,뉴욕버거,1,경기도,수원시,41115,경기도 수원시 팔달구 인계로 154,경기도 수원시 팔달구 인계동 1114-1,37.26630686,127.034316,031-231-6966,10:30,21:00,10:30,21:00,10:30,21:00,0:00,0:00,경기도 수원시,031-228-7344,2021-03-11
148,작은동경,1,경기도,수원시,41115,경기도 수원시 팔달구 인계로108번길 39-12,경기도 수원시 팔달구 인계동 1032-3,37.26566267,127.029403,031-226-7213,0:00,0:00,0:00,0:00,0:00,0:00,0:00,0:00,경기도 수원시,031-228-7344,2021-03-11
149,짱이네뽕이네,1,경기도,수원시,41115,경기도 수원시 팔달구 인계로124번길 9,경기도 수원시 팔달구 인계동 1036-13,37.2668138,127.031157,0507-1465-1264,11:00,23:00,11:00,23:00,11:00,23:00,0:00,0:00,경기도 수원시,031-228-7344,2021-03-11
150,오방만두 인계점,1,경기도,수원시,41115,경기도 수원시 팔달구 인계로124번길 9,경기도 수원시 팔달구 인계동 1036-13,37.2668138,127.031157,0507-1395-5582,0:00,0:00,0:00,0:00,0:00,0:00,0:00,0:00,경기도 수원시,031-228-7344,2021-03-11
151,완백부대찌개,1,경기도,수원시,41115,경기도 수원시 팔달구 인계로138번길 22,경기도 수원시 팔달구 인계동 1039-5,37.2661961,127.0321451,0507-1402-6388,10:00,20:30,10:00,20:30,10:00,20:30,10:00,20:30,경기도 수원시,031-228-7344,2021-03-11
152,성성식당,1,경기도,수원시,41115,경기도 수원시 팔달구 인계로166번길 48-21,경기도 수원시 팔달구 인계동 1119,37.26460559,127.0334236,0507-1343-0230,10:30,23:00,10:30,23:00,10:30,23:00,11:30,23:00,경기도 수원시,031-228-7344,2021-03-11
153,카페그리닝,1,경기도,수원시,41115,경기도 수원시 팔달구 장다리로233번길 20-24,경기도 수원시 팔달구 인계동 969,37.27191344,127.0256513,031-221-9333,9:30,4:50,9:30,4:50,9:30,4:50,0:00,0:00,경기도 수원시,031-228-7344,2021-03-11
154,참큰곤드레순대국,1,경기도,수원시,41115,경기도 수원시 팔달구 장다리로271번길 2,경기도 수원시 팔달구 인계동 956-9,37.27410038,127.027555,0507-1333-4289,9:00,23:30,9:00,23:30,9:00,23:30,0:00,0:00,경기도 수원시,031-228-7344,2021-03-11
155,그레이락(grayrock),1,경기도,수원시,41115,경기도 수원시 팔달구 정조로 904-1,경기도 수원시 팔달구 북수동 6-3,37.28876491,127.0148468,0507-1364-9667,12:00,23:30,12:00,23:30,12:00,23:30,0:00,0:00,경기도 수원시,031-228-7344,2021-03-11
156,푸라닭 수원우만점,1,경기도,수원시,41115,경기도 수원시 팔달구 중부대로 187,경기도 수원시 팔달구 우만동 141-4,37.27721816,127.0368134,031-214-9207,12:00,23:59,12:00,23:59,12:00,23:59,12:00,23:59,경기도 수원시,031-228-7344,2021-03-11
157,달 밥,1,경기도,수원시,41115,경기도 수원시 팔달구 창룡대로80번길 10-6,경기도 수원시 팔달구 남수동 11-73,37.28525378,127.0234956,02-883-7897,11:00,16:00,11:00,19:00,11:00,19:00,0:00,0:00,경기도 수원시,031-228-7344,2021-03-11
158,두찜 수원 고등점,1,경기도,수원시,41115,경기도 수원시 팔달구 팔달로 82,경기도 수원시 팔달구 고등동 167-5,37.275999,,031-244-2246,11:00,23:00,11:00,23:00,11:00,23:00,11:00,23:00,경기도 수원시,031-228-7344,2021-03-11
159,세븐일레븐 수원지동타운점,1,경기도,수원시,41115,경기도 수원시 팔달구 팔달문로115번길 14,경기도 수원시 팔달구 지동 478-1,37.28236662,127.028637,031-254-3334,0:00,0:00,0:00,0:00,0:00,0:00,0:00,0:00,경기도 수원시,031-228-7344,2021-03-11
160,황금돼지,1,경기도,수원시,41115,경기도 수원시 팔달구 팔달문로140번길 30,경기도 수원시 팔달구 우만동 555-5,37.28120602,127.0317287,031-212-3308,0:00,0:00,0:00,0:00,0:00,0:00,0:00,0:00,경기도 수원시,031-228-7344,2021-03-11
161,1982인생떡볶이,1,경기도,수원시,41115,경기도 수원시 팔달구 향교로 11-1,경기도 수원시 팔달구 매산로1가 31-1,37.26806316,127.0023198,031-241-1982,11:00,23:00,11:00,23:00,11:00,23:00,11:00,23:00,경기도 수원시,031-228-7344,2021-03-11
162,에그궁,1,경기도,수원시,41115,경기도 수원시 팔달구 화서문로17번길 6-4,경기도 수원시 팔달구 장안동 322-27,37.2853965,127.010235,0507-1433-8583,11:30,21:00,11:30,21:00,11:30,21:00,0:00,0:00,경기도 수원시,031-228-7344,2021-03-11
163,째리주택,1,경기도,수원시,41115,경기도 수원시 팔달구 화서문로32번길 25-6,경기도 수원시 팔달구 신풍동 103-1,37.28425115,127.0125448,0507-1349-7432,12:00,21:00,12:00,21:00,12:00,21:00,0:00,0:00,경기도 수원시,031-228-7344,2021-03-11
164,포레스트 행궁점,1,경기도,수원시,41115,경기도 수원시 팔달구 화서문로46번길 12,경기도 수원시 팔달구 신풍동 49,37.2847592,127.012982,0507-1310-0729,11:30,20:30,11:30,20:30,11:30,20:30,0:00,0:00,경기도 수원시,031-228-7344,2021-03-11
165,석관동떡볶이 수원화서점,1,경기도,수원시,41115,경기도 수원시 팔달구 화양로24번길 21,경기도 수원시 팔달구 화서동 123-3,37.28108961,126.9985134,0507-1347-5449,10:50,20:00,10:50,20:00,10:50,20:00,0:00,0:00,경기도 수원시,031-228-7344,2021-03-11
166,면아당 동수원점,1,경기도,수원시,41115,경기도 수원시 팔달구 효원로 257,경기도 수원시 팔달구 인계동 1045,37.26275708,127.0301304,1588-9052,10:30,21:30,10:30,21:30,10:30,21:30,0:00,0:00,경기도 수원시,031-228-7344,2021-03-11
167,미니스톱 수원하이엔드점,1,경기도,수원시,41115,경기도 수원시 팔달구 효원로 299,경기도 수원시 팔달구 인계동 1122-11,37.26146564,127.0346512,1577-9621,0:00,0:00,0:00,0:00,0:00,0:00,0:00,0:00,경기도 수원시,031-228-7344,2021-03-11
168,비에이치씨치킨 인계점,1,경기도,수원시,41115,경기도 수원시 팔달구 효원로193번길 41,경기도 수원시 팔달구 인계동 999-5,37.26581272,127.0236818,031-235-8892,12:00,23:59,12:00,23:59,12:00,23:59,12:00,23:59,경기도 수원시,031-228-7344,2021-03-11
169,꼬기어때&커피(인계점),1,경기도,수원시,41115,경기도 수원시 팔달구 효원로308번길 58-9,경기도 수원시 팔달구 인계동 1134-4,37.25798506,127.0338474,031-309-9292,16:00,3:00,16:00,3:00,16:00,3:00,0:00,0:00,경기도 수원시,031-228-7344,2021-03-11
170,두껍삼,1,경기도,수원시,41115,경기도 수원시 영통구 센트럴파크로127번길 115-3,경기도 수원시 영통구 이의동 1310-2,37.29418435,127.0534031,031-213-3592,12:00,23:00,12:00,23:00,12:00,23:00,12:00,21:30,경기도 수원시,031-228-8339,2021-03-11
171,정서식당,1,경기도,수원시,41115,경기도 수원시 영통구 대학3로4번길 7,경기도 수원시 영통구 이의동 1256-4,37.29997097,127.0427959,031-217-4776,11:00,22:30,0:00,0:00,0:00,0:00,0:00,0:00,경기도 수원시,031-228-8339,2021-03-11
172,티엔바오,1,경기도,수원시,41115,경기도 수원시 영통구 광교중앙로 170,경기도 수원시 영통구 하동 1016,37.28812459,127.0607027,0507-1352-5735,11:30,15:00,11:30,15:00,0:00,0:00,0:00,0:00,경기도 수원시,031-228-8339,2021-03-11
173,마라앤주,1,경기도,수원시,41115,경기도 수원시 영통구 청명남로28번길 20,경기도 수원시 영통구 영통동 1009-2,37.25145875,127.0759359,031-202-8811,17:00,1:30,17:00,1:30,17:00,1:30,17:00,1:30,경기도 수원시,031-228-8339,2021-03-11
174,오초,1,경기도,수원시,41115,경기도 수원시 영통구 광교중앙로266번길 30,경기도 수원시 영통구 하동 984,37.2923086,127.0687161,031-214-9467,11:30,20:00,11:30,20:00,11:30,20:00,0:00,0:00,경기도 수원시,031-228-8339,2021-03-11
175,전주청기와감자탕,1,경기도,수원시,41115,경기도 수원시 영통구 매영로345번길 95,경기도 수원시 영통구 영통동 961-4,37.25557463,127.0733568,0507-1317-8944,9:00,21:00,9:00,21:00,9:00,21:00,0:00,0:00,경기도 수원시,031-228-8339,2021-03-11
176,닥치고 떡볶이 수원매탄점,1,경기도,수원시,41115,경기도 수원시 영통구 매탄로204번길 14,경기도 수원시 영통구 매탄동 207-4,37.2681021,127.0475894,0507-1389-7943,11:00,1:00,11:00,1:00,11:00,1:00,11:00,1:00,경기도 수원시,031-228-8339,2021-03-11
177,라홍방 마라탕 매탄점,1,경기도,수원시,41115,경기도 수원시 영통구 효원로 393,경기도 수원시 영통구 매탄동 1267-6,37.2591165,127.0446949,0507-1390-3330,11:00,21:30,11:00,21:30,11:00,21:30,10:15,21:30,경기도 수원시,031-228-8339,2021-03-11
178,화담,1,경기도,수원시,41115,경기도 수원시 영통구 반달로 110,경기도 수원시 영통구 영통동 1037-8,37.25312241,127.0768197,031-205-4019,16:00,23:00,16:00,23:00,0:00,0:00,0:00,0:00,경기도 수원시,031-228-8339,2021-03-11
179,라운지밥,1,경기도,수원시,41115,경기도 수원시 영통구 대학4로 17,경기도 수원시 영통구 이의동 1248-3,37.30016529,127.0467106,031-899-8699,11:00,19:00,11:00,19:00,11:00,19:00,0:00,0:00,경기도 수원시,031-228-8339,2021-03-11
180,인생닭강정 수원영통구청점,1,경기도,수원시,41115,경기도 수원시 영통구 매탄로100번길 29,경기도 수원시 영통구 매탄동 1265-4,37.259489,127.0449008,0507-1394-1380,12:00,22:00,12:00,22:00,12:00,22:00,0:00,0:00,경기도 수원시,031-228-8339,2021-03-11
181,두찜 수원원천점,1,경기도,수원시,41115,경기도 수원시 영통구 동수원로537번길 36-15,경기도 수원시 영통구 원천동 72-78,37.2752679,127.0473631,031-214-2434,11:00,23:00,11:00,23:00,11:00,23:00,11:00,23:00,경기도 수원시,031-228-8339,2021-03-11
182,배떡 영통점,1,경기도,수원시,41115,경기도 수원시 영통구 반달로35번길 30,경기도 수원시 영통구 영통동 1012-1,37.25178087,127.0774604,0507-1430-9998,0:00,0:00,0:00,0:00,0:00,0:00,0:00,0:00,경기도 수원시,031-228-8339,2021-03-11
183,비에이치씨(BHC)수원신동점,1,경기도,수원시,41115,경기도 수원시 영통구 권선로908번길 53,경기도 수원시 영통구 신동 938,37.24650436,127.0443488,031-273-6777,12:00,0:00,12:00,0:00,12:00,0:00,0:00,0:00,경기도 수원시,031-228-8339,2021-03-11
184,흥덕빈대떡 광교점,1,경기도,수원시,41115,경기도 수원시 영통구 법조로149번길 106,경기도 수원시 영통구 하동 968-5,37.29356758,127.0686331,031-211-0598,11:00,0:00,11:00,0:00,11:00,0:00,11:30,23:30,경기도 수원시,031-228-8339,2021-03-11
185,옛날통닭,1,경기도,수원시,41115,경기도 수원시 영통구 태장로 84,경기도 수원시 영통구 망포동 547-8,37.238967,127.0555283,031-205-7915,0:00,0:00,0:00,0:00,0:00,0:00,0:00,0:00,경기도 수원시,031-228-8339,2021-03-11
186,비스트로 피자,1,경기도,수원시,41115,경기도 수원시 영통구 권선로908번길 53,경기도 수원시 영통구 신동 938,37.24650436,127.0443488,031-203-8008,11:30,0:00,11:30,0:00,11:30,0:00,12:00,23:30,경기도 수원시,031-228-8339,2021-03-11
187,미니스톱 광교레이크점,1,경기도,수원시,41115,경기도 수원시 영통구 법조로 38,경기도 수원시 영통구 하동 1019-2,37.28688888,127.0621485,1577-9621,0:00,0:00,0:00,0:00,0:00,0:00,0:00,0:00,경기도 수원시,031-228-8339,2021-03-11
188,오시리야 주방,1,경기도,수원시,41115,경기도 수원시 영통구 영통로 498,경기도 수원시 영통구 영통동 955-1,37.26322575,127.0785394,0508-8195-2257,18:00,0:00,18:00,0:00,18:00,0:00,18:00,0:00,경기도 수원시,031-228-8339,2021-03-11
189,솔뫼,1,경기도,수원시,41115,경기도 수원시 영통구 매여울로 32-1,경기도 수원시 영통구 매탄동 196-65,37.27122858,127.0458645,031-213-5071,9:30,1:30,9:30,1:30,10:30,9:00,9:30,1:30,경기도 수원시,031-228-8339,2021-03-11
190,1인.용피자 광교중흥점,1,경기도,수원시,41115,경기도 수원시 영통구 광교호수공원로 277,경기도 수원시 영통구 원천동 589,37.28394176,127.056778,0507-1339-9099,11:30,22:00,11:30,22:00,11:30,22:00,11:30,22:00,경기도 수원시,031-228-8339,2021-03-11
191,육촌,1,경기도,수원시,41115,경기도 수원시 영통구 도청로18번길 26,경기도 수원시 영통구 이의동 1336,37.28764021,127.0568686,0507-1316-0692,11:00,23:00,11:00,23:00,11:00,23:00,0:00,0:00,경기도 수원시,031-228-8339,2021-03-11
192,원천유원지,1,경기도,수원시,41115,경기도 수원시 영통구 센트럴파크로 6,경기도 수원시 영통구 하동 1021,37.28667107,127.0648956,0503-7502-7427,11:00,0:00,11:00,0:00,11:00,0:00,0:00,0:00,경기도 수원시,031-228-8339,2021-03-11
193,버거앤프라이즈 매탄인계점,1,경기도,수원시,41115,경기도 수원시 영통구 매탄로37번길 16-1,경기도 수원시 영통구 매탄동 1167-8,37.25567014,127.039517,031-898-8286,11:00,22:00,11:00,22:00,11:00,22:00,11:00,22:00,경기도 수원시,031-228-8339,2021-03-11
194,롯데리아/주식회사 노마드,1,경기도,수원시,41115,경기도 수원시 영통구 중부대로 248,경기도 수원시 영통구 매탄동 153-35,37.2747401,127.0427718,031-215-1294,9:00,22:00,9:00,22:00,9:00,22:00,9:00,22:00,경기도 수원시,031-228-8339,2021-03-11
195,피자나라치킨공주 매탄점,1,경기도,수원시,41115,경기도 수원시 영통구 권선로820번길 16,경기도 수원시 영통구 매탄동 1174-10,37.2547677,127.0388257,031-238-6302,12:00,0:00,12:00,0:00,12:00,0:00,12:00,0:00,경기도 수원시,031-228-8339,2021-03-11
196,마약낙곱새 동수원점,1,경기도,수원시,41115,경기도 수원시 영통구 매원로12번길 29-2,경기도 수원시 영통구 매탄동 209-32,37.26524923,127.0468737,0507-1388-3505,11:00,2:00,11:00,2:00,11:00,2:00,11:00,2:00,경기도 수원시,031-228-8339,2021-03-11
197,보글보글,1,경기도,수원시,41115,경기도 수원시 영통구 동탄지성로 550-24,경기도 수원시 영통구 망포동 47-12,,,0508-8196-7084,10:00,20:30,10:00,20:30,10:00,20:30,10:00,20:30,경기도 수원시,031-228-8339,2021-03-11
198,영빈루 광교점,1,경기도,수원시,41115,경기도 수원시 영통구 센트럴타운로 85,경기도 수원시 영통구 이의동 1332,37.29156767,127.0504709,031-214-8688,11:00,0:30,11:00,0:30,11:00,0:30,11:00,0:30,경기도 수원시,031-228-8339,2021-03-11
199,미니스톱 매탄한샘점,1,경기도,수원시,41115,경기도 수원시 영통구 매여울로 36,경기도 수원시 영통구 매탄동 196-66,37.27129009,127.0457088,1577-9621,0:00,0:00,0:00,0:00,0:00,0:00,0:00,0:00,경기도 수원시,031-228-8339,2021-03-11
200,화성옥 매탄점,1,경기도,수원시,41115,경기도 수원시 영통구 효원로 400,경기도 수원시 영통구 매탄동 1276,37.25806229,127.0453851,031-271-8496,0:00,24:00:00,0:00,0:00,0:00,0:00,0:00,0:00,경기도 수원시,031-228-8339,2021-03-11
201,호랑이초밥 영통홈플러스점,1,경기도,수원시,41115,경기도 수원시 영통구 봉영로 1576,경기도 수원시 영통구 영통동 994-2,37.2518163,127.0726025,0507-1318-6099,11:00,21:30,11:00,21:30,11:00,21:30,11:00,20:30,경기도 수원시,031-228-8339,2021-03-11
202,삼대족발 영통점,1,경기도,수원시,41115,경기도 수원시 영통구 청명남로4번길 21-13,경기도 수원시 영통구 영통동 1002-13,37.25036504,127.0748378,031-202-0798,12:00,0:00,12:00,0:00,12:00,0:00,12:00,0:00,경기도 수원시,031-228-8339,2021-03-11
203,백년순수갈비 수원영통점,1,경기도,수원시,41115,경기도 수원시 영통구 권선로908번길 47,경기도 수원시 영통구 신동 937-4,37.24687577,127.0446046,031-206-2382,0:00,0:00,0:00,0:00,0:00,0:00,0:00,0:00,경기도 수원시,031-228-8339,2021-03-11
204,맵당,1,경기도,수원시,41115,경기도 수원시 영통구 월드컵로193번길 24,경기도 수원시 영통구 원천동 29-5,37.27811557,127.0445154,031-215-7292,11:30,23:30,11:30,23:30,11:30,23:30,11:30,23:30,경기도 수원시,031-228-8339,2021-03-11
205,강조 불고기&김치찌게,1,경기도,수원시,41115,경기도 수원시 영통구 센트럴파크로 33,경기도 수원시 영통구 하동 1014,37.28856268,127.0624314,031-212-3884,9:30,22:00,9:30,22:00,0:00,0:00,0:00,0:00,경기도 수원시,031-228-8339,2021-03-11
206,대박삼겹살,1,경기도,수원시,41115,경기도 수원시 영통구 삼성로 269-17,경기도 수원시 영통구 원천동 258-3,37.26648013,127.0635287,031-215-5513,11:00,23:00,11:00,23:00,11:00,23:00,0:00,0:00,경기도 수원시,031-228-8339,2021-03-11
207,세븐일레븐 광교포레나점,1,경기도,수원시,41115,경기도 수원시 영통구 광교호수공원로 300,경기도 수원시 영통구 하동 868,37.2846443,127.058408,031-211-9621,0:00,0:00,0:00,0:00,0:00,0:00,0:00,0:00,경기도 수원시,031-228-8339,2021-03-11
208,바르다 김선생 아주대병원점,1,경기도,수원시,41115,경기도 수원시 영통구 월드컵로 206,경기도 수원시 영통구 원천동 산 5-1,37.28305638,127.04366,031-212-8213,8:00,19:30,11:00,19:30,11:00,19:30,0:00,0:00,경기도 수원시,031-228-8339,2021-03-11
209,차돌풍 망포점,1,경기도,수원시,41115,경기도 수원시 영통구 영통로130번길 18,경기도 수원시 영통구 망포동 539,37.23935954,127.0571287,031-203-3433,15:00,0:00,15:00,0:00,15:00,0:00,0:00,0:00,경기도 수원시,031-228-8339,2021-03-11
210,삼대떡볶이,1,경기도,수원시,41115,경기도 수원시 영통구 법조로149번길 58,경기도 수원시 영통구 하동 957-11,37.29428431,127.0705472,031-211-3110,10:00,23:55,10:00,23:55,10:00,23:55,10:00,23:55,경기도 수원시,031-228-8339,2021-03-11
211,씨유(CU) 청명주공점,1,경기도,수원시,41115,경기도 수원시 영통구 청명북로 67,경기도 수원시 영통구 영통동 1048-6,37.25734428,127.079761,031-205-2266,0:00,0:00,0:00,0:00,0:00,0:00,0:00,0:00,경기도 수원시,031-228-8339,2021-03-11
212,룸서비스 파이브스타 망포영통점,1,경기도,수원시,41115,경기도 수원시 영통구 영통로 237,경기도 수원시 영통구 신동 338,37.24866785,127.0570044,0503-7500-7975,11:30,22:00,11:30,22:00,11:30,22:00,11:30,22:00,경기도 수원시,031-228-8339,2021-03-11
213,육육간 광교점,1,경기도,수원시,41115,경기도 수원시 영통구 광교호수공원로 80,경기도 수원시 영통구 원천동 593,37.27308767,127.0612627,0507-1340-0788,11:00,21:00,11:00,21:00,11:00,21:00,11:00,20:40,경기도 수원시,031-228-8339,2021-03-11
214,두껍삼,1,경기도,수원시,41115,경기도 수원시 영통구 센트럴파크로127번길 115-3,경기도 수원시 영통구 이의동 1310-2,37.29418435,127.0534031,031-213-3592,12:00,23:00,12:00,23:00,12:00,23:00,12:00,21:30,경기도 수원시,031-228-8339,2021-03-11
215,비앤비(BnB)치킨&떡볶이 영통점,1,경기도,수원시,41115,경기도 수원시 영통구 봉영로1744번길 11,경기도 수원시 영통구 영통동 1053-2,37.26663771,127.0830516,031-202-3573,16:00,23:00,16:00,23:00,16:00,23:00,16:00,23:00,경기도 수원시,031-228-8339,2021-03-11
216,한끼밸런스,1,경기도,수원시,41115,경기도 수원시 영통구 에듀타운로 101,경기도 수원시 영통구 이의동 1352,37.28990905,127.0448544,070-4036-2096,11:00,20:00,11:00,20:00,0:00,0:00,11:00,20:00,경기도 수원시,031-228-8339,2021-03-11
217,로또닭,1,경기도,수원시,41115,경기도 수원시 영통구 청명로 142,경기도 수원시 영통구 영통동 957-6,37.25765627,127.0731353,070-4418-5959,11:00,0:30,11:00,0:30,11:00,0:30,11:00,0:30,경기도 수원시,031-228-8339,2021-03-11
218,암거나,1,경기도,수원시,41115,경기도 수원시 영통구 광교호수공원로 277,경기도 수원시 영통구 원천동 589,37.28394176,127.056778,070-7576-3190,0:00,0:00,0:00,0:00,0:00,0:00,0:00,0:00,경기도 수원시,031-228-8339,2021-03-11
219,제니스 키친,1,경기도,수원시,41115,경기도 수원시 영통구 에듀타운로 101,경기도 수원시 영통구 이의동 1352,37.28990905,127.0448544,0503-7500-1456,10:00,22:30,10:00,22:30,10:00,22:30,10:00,22:30,경기도 수원시,031-228-8339,2021-03-11
220,홍대쌀국수,1,경기도,수원시,41115,경기도 수원시 영통구 덕영대로 1566,경기도 수원시 영통구 영통동 981-2,37.24512942,127.0618987,0503-7502-6558,10:00,21:30,10:00,21:30,10:00,21:30,10:00,21:30,경기도 수원시,031-228-8339,2021-03-11
221,돈기부여영통점,1,경기도,수원시,41115,경기도 수원시 영통구 신원로198번길 62-1,경기도 수원시 영통구 매탄동 512-11,37.25494815,127.0623142,031-205-2118,11:00,21:00,11:00,21:00,11:00,21:00,11:00,21:00,경기도 수원시,031-228-8339,2021-03-11
222,수원광교점 맛찬들왕소금구이,1,경기도,수원시,41115,경기도 수원시 영통구 광교중앙로 170,경기도 수원시 영통구 하동 1016,37.28812459,127.0607027,0507-1491-8593,11:30,22:30,11:30,22:30,11:30,22:30,0:00,0:00,경기도 수원시,031-228-8339,2021-03-11
223,비비큐 수원영통역점,1,경기도,수원시,41115,경기도 수원시 영통구 매영로345번길 7,경기도 수원시 영통구 영통동 961-6,37.25276901,127.0709009,031-206-6690,11:00,1:00,11:00,1:00,11:00,1:00,11:00,1:00,경기도 수원시,031-228-8339,2021-03-11
224,치킨플러스 망포점,1,경기도,수원시,41115,경기도 수원시 영통구 영통로 169,경기도 수원시 영통구 망포동 297-8,37.2426536,127.0550084,031-204-0515,12:00,0:00,12:00,0:00,12:00,0:00,12:00,0:00,경기도 수원시,031-228-8339,2021-03-11
225,매탄손만두,1,경기도,수원시,41115,경기도 수원시 영통구 권광로260번길 36,경기도 수원시 영통구 매탄동 176,37.27214388,127.0419109,0503-7501-6263,0:00,0:00,0:00,0:00,0:00,0:00,0:00,0:00,경기도 수원시,031-228-8339,2021-03-11
226,벼락떡볶이,1,경기도,수원시,41115,경기도 수원시 영통구 매탄로204번길 10,경기도 수원시 영통구 매탄동 207-3,37.26813874,127.0474461,070-7720-0343,11:00,1:00,11:00,1:00,0:00,0:00,0:00,0:00,경기도 수원시,031-228-8339,2021-03-11
227,치킨플러스 매탄점,1,경기도,수원시,41115,경기도 수원시 영통구 산남로 110,경기도 수원시 영통구 매탄동 111-15,37.27254497,127.0503793,031-215-0515,14:00,3:00,14:00,3:00,14:00,3:00,14:00,3:00,경기도 수원시,031-228-8339,2021-03-11
228,삼미통닭,1,경기도,수원시,41115,경기도 수원시 영통구 영통로 517,경기도 수원시 영통구 영통동 949-5,37.26493557,127.077445,031-204-2011,16:00,0:00,16:00,0:00,16:00,0:00,0:00,0:00,경기도 수원시,031-228-8339,2021-03-11
229,역대짬뽕 영통점,1,경기도,수원시,41115,경기도 수원시 영통구 반달로35번길 30,경기도 수원시 영통구 영통동 1012-1,37.25178087,127.0774604,031-203-7433,10:30,2:00,10:30,2:00,10:30,2:00,10:30,2:00,경기도 수원시,031-228-8339,2021-03-11
230,봉자떡볶이영통점,1,경기도,수원시,41115,경기도 수원시 영통구 영통로90번길 43,경기도 수원시 영통구 망포동 527-2,37.23901416,127.0589837,0503-7501-1584,10:00,1:00,10:00,1:00,10:00,1:00,10:00,1:00,경기도 수원시,031-228-8339,2021-03-11
231,보름기정떡 광교상현점,1,경기도,수원시,41115,경기도 수원시 영통구 법조로149번길 13,경기도 수원시 영통구 하동 962-3,37.29307695,127.0715372,0507-1359-5171,10:00,18:00,10:00,14:00,0:00,0:00,10:00,18:00,경기도 수원시,031-228-8339,2021-03-11
232,샐러디 영통점,1,경기도,수원시,41115,경기도 수원시 영통구 청명남로 21,경기도 수원시 영통구 영통동 998-6,37.25203572,127.0744591,031-273-2171,8:00,22:00,8:00,21:00,8:00,21:00,8:00,22:00,경기도 수원시,031-228-8339,2021-03-11
233,강조손칼국수,1,경기도,수원시,41115,경기도 수원시 영통구 도청로 95,경기도 수원시 영통구 이의동 1351-6,37.29090564,127.0477287,0507-1372-4776,10:30,20:30,10:30,20:30,10:30,20:30,10:30,20:30,경기도 수원시,031-228-8339,2021-03-11
234,김천재의 육회반한 연어 광교호수점,1,경기도,수원시,41115,경기도 수원시 영통구 법조로 38,경기도 수원시 영통구 하동 1019,37.28688888,127.0621485,070-4107-9908,11:00,1:00,11:00,1:00,11:00,1:00,16:00,2:00,경기도 수원시,031-228-8339,2021-03-11
235,팔청식당,1,경기도,수원시,41115,경기도 수원시 영통구 청명북로 12,경기도 수원시 영통구 영통동 1033-6,37.25247282,127.0795846,0507-1423-0292,15:00,23:00,15:00,23:00,15:00,23:00,0:00,0:00,경기도 수원시,031-228-8339,2021-03-11
236,청년순대국 광교점,1,경기도,수원시,41115,경기도 수원시 영통구 광교호수공원로 277,경기도 수원시 영통구 원천동 589,37.28394176,127.056778,0507-1447-4980,11:00,21:00,0:00,0:00,0:00,0:00,0:00,0:00,경기도 수원시,031-228-8339,2021-03-11
237,돈까스짱 망포점,1,경기도,수원시,41115,경기도 수원시 영통구 동탄지성로 550-20,경기도 수원시 영통구 망포동 47-17,37.2409663,127.048616,031-203-0066,0:00,0:00,0:00,0:00,0:00,0:00,0:00,0:00,경기도 수원시,031-228-8339,2021-03-11
238,비비큐(BBQ) 수원원천점,1,경기도,수원시,41115,경기도 수원시 영통구 월드컵로97번길 53,경기도 수원시 영통구 원천동 619-1,37.27441712,127.0502275,0508-8196-6382,12:00,1:40,12:00,3:40,12:00,12:40,12:00,1:40,경기도 수원시,031-228-8339,2021-03-11
239,동해물과 아구찜,1,경기도,수원시,41115,경기도 수원시 영통구 법조로149번길 141,경기도 수원시 영통구 하동 975-1,37.29251798,127.0701375,070-4795-6012,11:50,0:00,11:50,0:00,11:50,0:00,11:50,0:00,경기도 수원시,031-228-8339,2021-03-11
240,금수강산,1,경기도,수원시,41115,경기도 수원시 영통구 광교호수공원로 80,경기도 수원시 영통구 원천동 593,37.27308767,127.0612627,0507-1425-4578,11:00,22:00,11:00,22:00,11:00,22:00,0:00,0:00,경기도 수원시,031-228-8339,2021-03-11
241,진짜루,1,경기도,수원시,41115,경기도 수원시 영통구 태장로71번길 8,경기도 수원시 영통구 망포동 372,37.23978229,127.0543061,0507-1399-6188,11:00,20:30,11:00,20:30,11:00,20:30,11:00,20:30,경기도 수원시,031-228-8339,2021-03-11
242,고엔스시,1,경기도,수원시,41115,경기도 수원시 영통구 반달로7번길 40,경기도 수원시 영통구 영통동 998-1,37.2535354,127.0752076,031-205-1740,11:30,21:00,11:30,21:00,11:30,21:00,11:30,21:00,경기도 수원시,031-228-8339,2021-03-11
243,피자파는집수원영통점,1,경기도,수원시,41115,경기도 수원시 영통구 신원로 217,경기도 수원시 영통구 매탄동 487-1,37.25527741,127.0600234,0507-1359-5595,11:00,0:00,11:00,0:00,11:00,0:00,11:00,0:00,경기도 수원시,031-228-8339,2021-03-11
244,배떡(상현역점),1,경기도,수원시,41115,경기도 수원시 영통구 법조로149번길 36,경기도 수원시 영통구 하동 957-19,37.29407832,127.0717681,0507-1456-1169,11:00,23:00,11:00,23:00,11:00,23:00,11:00,23:00,경기도 수원시,031-228-8339,2021-03-11
245,제육대가(광교점),1,경기도,수원시,41115,경기도 수원시 영통구 센트럴파크로127번길 12,경기도 수원시 영통구 이의동 1315,37.29530168,127.0556603,031-214-5582,10:00,0:50,10:00,0:50,10:00,0:50,10:00,0:50,경기도 수원시,031-228-8339,2021-03-11
246,루키스버거,1,경기도,수원시,41115,경기도 수원시 영통구 센트럴타운로 106,경기도 수원시 영통구 이의동 1322-5,37.29273762,127.0501574,0507-1352-2149,11:00,20:30,11:00,20:30,11:00,20:30,11:00,20:30,경기도 수원시,031-228-8339,2021-03-11
247,비에이치씨(BHC)매탄점,1,경기도,수원시,41115,경기도 수원시 영통구 동수원로 316,경기도 수원시 영통구 매탄동 1162,37.2584379,127.0383357,031-222-2099,12:00,0:00,12:00,0:00,12:00,0:00,12:00,0:00,경기도 수원시,031-228-8339,2021-03-11
248,예감쪽갈비 매탄점,1,경기도,수원시,41115,경기도 수원시 영통구 인계로 286,경기도 수원시 영통구 매탄동 816-6,37.26317879,127.048734,0507-1331-6293,17:00,23:00,17:00,23:00,17:00,23:00,17:00,23:00,경기도 수원시,031-228-8339,2021-03-11
249,골든 후무스,1,경기도,수원시,41115,경기도 수원시 영통구 덕영대로 1566,경기도 수원시 영통구 영통동 981-2,37.24512942,127.0618987,0507-1365-5687,11:00,21:00,11:00,21:00,11:00,21:00,11:00,21:00,경기도 수원시,031-228-8339,2021-03-11
250,배떡 광교점,1,경기도,수원시,41115,경기도 수원시 영통구 대학로 56,경기도 수원시 영통구 이의동 1248,37.30082913,127.0451948,031-213-8111,0:00,0:00,0:00,0:00,0:00,0:00,0:00,0:00,경기도 수원시,031-228-8339,2021-03-11
