park_nm,park_gbn,lon,lat
악양생태공원,근린공원,128.234986,35.20224
희망공원,근린공원,128.1151847,35.15236917
함박웃음공원,근린공원,128.116431,35.156053
들빛공원,근린공원,128.118637,35.155451
초장1지구4어린이공원,어린이공원,128.114517,35.209689
신안2지구어린이공원,어린이공원,128.064763,35.182236
강남1소공원,소공원,128.0802723,35.18531965
강남2소공원,소공원,128.080358,35.184639
강남3소공원,소공원,128.083158,35.186225
강남4소공원,소공원,128.082997,35.1850404
강남5소공원,소공원,128.0836912,35.185159
강남6소공원,소공원,128.0845536,35.185627
강남7소공원,소공원,128.085559,35.186226
지수압사소공원,소공원,128.259175,35.234488
가산1소공원,소공원,128.319581,35.151076
가산2소공원,소공원,128.318877,35.151999
평거16어린이공원,어린이공원,128.070662,35.177248
평거17어린이공원,어린이공원,128.0678746,35.172144
물빛여울공원,문화공원,128.1427382,35.17580907
초장1지구 역사공원,역사공원,128.105637,35.211528
뜰향공원,근린공원,128.104289,35.147242
가람울공원,수변공원,128.1454848,35.17711164
담이울공원,수변공원,128.143272,35.175322
물초울공원,근린공원,128.139725,35.179264
대나무공원,어린이공원,128.149667,35.172659
정촌산단소공원,소공원,128.1017787,35.13121394
정촌1어린이공원,어린이공원,128.096285,35.115932
정촌산단수변공원,수변공원,128.099426,35.124404
평거4지구1공원,근린공원,128.049014,35.16444981
평거4지구2공원,근린공원,128.052147,35.163952
평거4지구1어린이공원,어린이공원,128.041157,35.166823
평거4지구2어린이공원,어린이공원,128.0439217,35.16675428
금산갈전소공원,소공원,128.155051,35.185281
초전택지근린공원,근린공원,128.115021,35.206934
초전1어린이공원,어린이공원,128.114662,35.204589
초전2어린이공원,어린이공원,128.1144577,35.2092845
대평1소공원,소공원,127.959226,35.233941
대평2소공원,소공원,127.962619,35.231777
대평3소공원,소공원,127.959102,35.230839
대평체육공원,체육공원,127.9627606,35.2302115
강주연못공원,수변공원,128.095103,35.113169
초장1지구1어린이공원,어린이공원,128.110828,35.214109
초장1지구2어린이공원,어린이공원,128.1103595,35.20893685
초장1지구3어린이공원,어린이공원,128.114563,35.210582
초장1지구2공원,근린공원,128.1112515,35.21073947
문산1공원,근린공원,128.163911,35.156266
초장1지구1공원,근린공원,128.109361,35.214724
초장1지구3공원,근린공원,128.104002,35.211851
초장1지구문화공원,문화공원,128.114234,35.212373
정촌산단공원,근린공원,128.1058881,35.11852941
혁신도시1공원,근린공원,128.139904,35.1821079
노을지공원,근린공원,128.133684,35.177977
기쁨누리공원,근린공원,128.136554,35.178002
바람모아공원,근린공원,128.130071,35.171923
나래공원,근린공원,128.133617,35.173717
생기율공원,근린공원,128.138518,35.176581
따스하리공원,근린공원,128.1396179,35.16868938
아람울공원,근린공원,128.1454908,35.17734141
한터울공원,근린공원,128.147582,35.174703
참살이울공원,근린공원,128.144867,35.172732
하얀울공원,근린공원,128.156836,35.172035
나누미공원,소공원,128.139746,35.179299
쌈지울공원,소공원,128.146879,35.180146
한치울공원,소공원,128.1439685,35.17700655
소담울공원,소공원,128.146334,35.169804
실크공원,어린이공원,128.148579,35.182269
조약돌공원,어린이공원,128.151286,35.176422
이음새공원,어린이공원,128.1541542,35.17680118
물새공원,어린이공원,128.142612,35.169781
여우별공원,어린이공원,128.1381659,35.17299411
토끼달공원,어린이공원,128.137701,35.169759
여울목공원,수변공원,128.140666,35.179712
평거햇살공원,어린이공원,128.058707,35.169475
평거달팽이공원,어린이공원,128.056872,35.169703
평거종이비행기공원,어린이공원,128.0612465,35.16880743
원계어린이공원,어린이공원,128.103941,35.145127
이현1근린공원,근린공원,128.055661,35.194309
사봉산단1공원,근린공원,128.2747329,35.18824764
사봉산단2공원,근린공원,128.283883,35.183992
사봉산단3공원,근린공원,128.2858901,35.18417882
초전공원,근린공원,128.1250555,35.20888274
가호12어린이공원,어린이공원,128.1110015,35.16543675
가호13어린이공원,어린이공원,128.108522,35.163423
이현1어린이공원,어린이공원,128.059782,35.193679
중천2공원,근린공원,128.139484,35.218293
중천어린이공원,어린이공원,128.140845,35.216082
가호6어린이공원,어린이공원,128.113391,35.163371
가호7어린이공원,어린이공원,128.116905,35.164279
가호8어린이공원,어린이공원,128.114589,35.162471
가호9어린이공원,어린이공원,128.108594,35.154655
가호10어린이공원,어린이공원,128.101361,35.148727
가호11어린이공원,어린이공원,128.1086785,35.15835784
대평어린이공원,어린이공원,127.9602987,35.23418634
남가람공원,문화공원,128.0821768,35.1872062
프린지공원,근린공원,128.106352,35.151688
평거3근린공원,근린공원,128.0582961,35.1677021
평거7어린이공원,어린이공원,128.065488,35.177502
평거8어린이공원,어린이공원,128.0680015,35.17690888
평거9어린이공원,어린이공원,128.063754,35.174796
평거10어린이공원,어린이공원,128.062819,35.172548
평거11어린이공원,어린이공원,128.065455,35.171421
평거12어린이공원,어린이공원,128.066641,35.173715
중천1공원,근린공원,128.141834,35.218153
하대중앙공원,어린이공원,128.119337,35.19421219
도래새미공원,어린이공원,128.1248053,35.1923774
칠암어린이공원,어린이공원,128.0928757,35.18369238
가마못공원,어린이공원,128.073975,35.20199926
봉원2어린이공원,어린이공원,128.066899,35.201388
가호1어린이공원,어린이공원,128.106637,35.16027404
가호2어린이공원,어린이공원,128.106265,35.158705
문산어린이공원,어린이공원,128.165789,35.166207
평거1어린이공원,어린이공원,128.0519994,35.17007484
평거3어린이공원,어린이공원,128.0583422,35.17359399
송림공원,근린공원,128.108166,35.175762
평거4어린이공원,어린이공원,128.068319,35.181762
평거2어린이공원,어린이공원,128.050252,35.169219
상평동동어린이공원,어린이공원,128.124332,35.173105
상평서동어린이공원,어린이공원,128.1143076,35.16971441
가호3어린이공원,어린이공원,128.111142,35.162452
가호4어린이공원,어린이공원,128.1084868,35.16100942
가호5어린이공원,어린이공원,128.108262,35.162217
평거5어린이공원,어린이공원,128.069702,35.176587
평거6어린이공원,어린이공원,128.066503,35.178893
수정어린이공원,어린이공원,128.0851351,35.19736409
남강선사유적공원,역사공원,127.961967,35.22438491
장대어린이공원,어린이공원,128.088461,35.19301148
진주성공원,역사공원,128.0802214,35.19043229
제71호 어린이공원,어린이공원,128.582203,35.224652
제72호 어린이공원,어린이공원,128.582044,35.228863
제87호 어린이공원,어린이공원,128.574783,35.233043
제11호 어린이공원,어린이공원,128.567547,35.219794
제86호 어린이공원,어린이공원,128.589086,35.246446
10호 소공원,소공원,128.569447,35.228787
11호 소공원,소공원,128.569385,35.228655
12호 소공원,소공원,128.570231,35.226759
13호 소공원,소공원,128.571761,35.226845
15호 소공원,소공원,128.564772,35.217408
16호 소공원,소공원,128.5651538,35.218161
17호 소공원,소공원,128.569519,35.218996
18호 소공원,소공원,128.570443,35.223143
용지,근린공원,128.684638,35.230562
토월,근린공원,128.69521,35.234708
남산,근린공원,128.6191967,35.25767433
평산,근린공원,128.6150604,35.25146305
가술공원,근린공원,128.6986467,35.33341741
감계3호,근린공원,128.5940869,35.30072
감계4호,근린공원,128.5866066,35.30305444
무동1호,근린공원,128.586437,35.316867
제198호,소공원,128.6430217,35.25308213
반계,소공원,128.605252,35.254689
감계1호,소공원,128.5934915,35.297211
일동지구 제2호,소공원,128.6938468,35.36730446
도계,체육공원,128.6411926,35.25835179
소계,체육공원,128.5951646,35.26044665
사림천,어린이공원,128.683085,35.24428613
사림,어린이공원,128.686075,35.248624
두럭,어린이공원,128.6263915,35.266327
무동2호,어린이공원,128.5824059,35.315321
무동3호,어린이공원,128.5822293,35.32030826
신리,어린이공원,128.6042548,35.34786815
고향의봄,어린이공원,128.627787,35.267271
소답,어린이공원,128.626218,35.261861
두리,어린이공원,128.630172,35.26286912
목련,어린이공원,128.633599,35.26064852
백옥,어린이공원,128.6359062,35.261976
진달래,어린이공원,128.639413,35.262845
개나리,어린이공원,128.6398475,35.26046104
국화,어린이공원,128.636181,35.259182
장미,어린이공원,128.6380883,35.25773
매화,어린이공원,128.640634,35.257096
한우리,어린이공원,128.639982,35.25548512
풀잎,어린이공원,128.637513,35.255373
믿음,어린이공원,128.639188,35.250075
기쁨,어린이공원,128.640988,35.246684
새싹,어린이공원,128.643182,35.24227179
띠앗,어린이공원,128.6274346,35.26579376
정다운,어린이공원,128.650552,35.24897732
석류,어린이공원,128.6546709,35.24487934
단풍,어린이공원,128.6647475,35.24834852
봉곡중앙,어린이공원,128.6664571,35.247886
향나무,어린이공원,128.668173,35.24730734
달빛,어린이공원,128.695861,35.227874
만남,어린이공원,128.647451,35.242676
늘푸른,어린이공원,128.6523524,35.23307073
용호,어린이공원,128.683798,35.23958139
구슬비,어린이공원,128.6135834,35.260289
이슬,어린이공원,128.6473788,35.251673
미르말,어린이공원,128.612955,35.253011
마루,어린이공원,128.6116966,35.256869
소망,어린이공원,128.609208,35.255126
벼리,어린이공원,128.639571,35.25349585
대나무,어린이공원,128.674089,35.247768
느티,어린이공원,128.678759,35.24615
꿈동산,어린이공원,128.655473,35.248733
81호,어린이공원,128.621718,35.256239
신월,어린이공원,128.69295,35.23110837
송아리,어린이공원,128.647477,35.240847
바람산책,어린이공원,128.664317,35.251198
나무그늘,어린이공원,128.666856,35.252631
꽃향기,어린이공원,128.668728,35.254371
빛고운,어린이공원,128.670706,35.251605
위브,어린이공원,128.6424203,35.25316672
거님길,어린이공원,128.6415968,35.24252577
거님길 가족쉼터,어린이공원,128.641202,35.242723
119호,어린이공원,128.592157,35.298927
120호,어린이공원,128.5954905,35.29974134
191호,어린이공원,128.5930344,35.30296292
203호,어린이공원,128.59967,35.304467
동전1호,어린이공원,128.598562,35.316069
무동1호,어린이공원,128.5821986,35.317566
믿음,어린이공원,128.639188,35.250075
기쁨,어린이공원,128.640988,35.246684
새싹,어린이공원,128.643182,35.24227179
띠앗,어린이공원,128.6274346,35.26579376
정다운,어린이공원,128.650552,35.24897732
석류,어린이공원,128.6546709,35.24487934
단풍,어린이공원,128.6647475,35.24834852
봉곡중앙,어린이공원,128.6664571,35.247886
향나무,어린이공원,128.668173,35.24730734
달빛,어린이공원,128.695861,35.227874
만남,어린이공원,128.647451,35.242676
늘푸른,어린이공원,128.6523524,35.23307073
용호,어린이공원,128.683798,35.23958139
공룡,어린이공원,128.680996,35.24708331
소나무,어린이공원,128.687487,35.24267475
퇴촌천,어린이공원,128.6875202,35.241064
어울림,어린이공원,128.6858439,35.23765159
양지,어린이공원,128.6946378,35.22724637
해오름,어린이공원,128.6895937,35.22997105
한마음,어린이공원,128.6486287,35.24594082
윤슬,어린이공원,128.61702,35.260878
당산목,어린이공원,128.6800968,35.243374
미리내,어린이공원,128.644328,35.247342
하늘,어린이공원,128.6106906,35.258772
공룡,어린이공원,128.680996,35.24708331
소나무,어린이공원,128.687487,35.24267475
퇴촌천,어린이공원,128.6875202,35.241064
어울림,어린이공원,128.6858439,35.23765159
양지,어린이공원,128.6946378,35.22724637
해오름,어린이공원,128.6895937,35.22997105
한마음,어린이공원,128.6486287,35.24594082
윤슬,어린이공원,128.61702,35.260878
당산목,어린이공원,128.6800968,35.243374
미리내,어린이공원,128.644328,35.247342
하늘,어린이공원,128.6106906,35.258772
구슬비,어린이공원,128.6135834,35.260289
이슬,어린이공원,128.6473788,35.251673
미르말,어린이공원,128.612955,35.253011
마루,어린이공원,128.6116966,35.256869
소망,어린이공원,128.609208,35.255126
벼리,어린이공원,128.639571,35.25349585
대나무,어린이공원,128.674089,35.247768
느티,어린이공원,128.678759,35.24615
꿈동산,어린이공원,128.655473,35.248733
81호,어린이공원,128.621718,35.256239
신월,어린이공원,128.69295,35.23110837
송아리,어린이공원,128.647477,35.240847
바람산책,어린이공원,128.664317,35.251198
나무그늘,어린이공원,128.666856,35.252631
꽃향기,어린이공원,128.668728,35.254371
빛고운,어린이공원,128.670706,35.251605
위브,어린이공원,128.6424203,35.25316672
거님길,어린이공원,128.6415968,35.24252577
거님길 가족쉼터,어린이공원,128.641202,35.242723
119호,어린이공원,128.592157,35.298927
120호,어린이공원,128.5954905,35.29974134
191호,어린이공원,128.5930344,35.30296292
203호,어린이공원,128.59967,35.304467
동전1호,어린이공원,128.598562,35.316069
무동1호,어린이공원,128.5821986,35.317566
무동2호,어린이공원,128.5824059,35.315321
무동3호,어린이공원,128.5822293,35.32030826
신리,어린이공원,128.6042548,35.34786815
일동1호,어린이공원,128.693652,35.366454
삼봉공원,어린이공원,128.693685,35.331931
느티나무생태,어린이공원,128.6246915,35.258855
하늘길생태,어린이공원,128.6290563,35.26009844
한들공원,소공원,128.6675439,35.25513465
반송공원,근린공원,128.673685,35.238749
불모산공원,근린공원,128.6993041,35.22615288
대상공원,근린공원,128.6730869,35.221002
토월공원,근린공원,128.6984643,35.23079881
209호,소공원,128.699087,35.228231
신덕,어린이공원,128.697467,35.229849
청석,어린이공원,128.6636617,35.241186
31호,어린이공원,128.6648406,35.24104267
금강,어린이공원,128.6640642,35.23882765
황새,어린이공원,128.673337,35.224844
비둘기,어린이공원,128.6744985,35.22436456
여우비,어린이공원,128.675114,35.227363
고산마을,어린이공원,128.701862,35.228463
구지,어린이공원,128.702304,35.221766
개월,어린이공원,128.699074,35.220721
강정,어린이공원,128.6968659,35.22235512
푸르미,어린이공원,128.685892,35.220208
청명,어린이공원,128.685631,35.218122
고산정,어린이공원,128.7011211,35.23028169
마산-31호공원,어린이공원,128.583249,35.218705
마산-32호공원,어린이공원,128.578533,35.217638
두럭,어린이공원,128.6263915,35.266327
고향의봄,어린이공원,128.627787,35.267271
소답,어린이공원,128.626218,35.261861
두리,어린이공원,128.630172,35.26286912
목련,어린이공원,128.633599,35.26064852
백옥,어린이공원,128.6359062,35.261976
진달래,어린이공원,128.639413,35.262845
개나리,어린이공원,128.6398475,35.26046104
국화,어린이공원,128.636181,35.259182
장미,어린이공원,128.6380883,35.25773
매화,어린이공원,128.640634,35.257096
한우리,어린이공원,128.639982,35.25548512
풀잎,어린이공원,128.637513,35.255373
감계1호,소공원,128.5934915,35.297211
일동지구 제2호,소공원,128.6938468,35.36730446
도계,체육공원,128.6411926,35.25835179
소계,체육공원,128.5951646,35.26044665
사림천,어린이공원,128.683085,35.24428613
사림,어린이공원,128.686075,35.248624
용지,근린공원,128.684638,35.230562
토월,근린공원,128.69521,35.234708
남산,근린공원,128.6191967,35.25767433
평산,근린공원,128.6150604,35.25146305
가술공원,근린공원,128.6986467,35.33341741
감계3호,근린공원,128.5940869,35.30072
감계4호,근린공원,128.5866066,35.30305444
무동1호,근린공원,128.586437,35.316867
제198호,소공원,128.6430217,35.25308213
반계,소공원,128.605252,35.254689
일동1호,어린이공원,128.693652,35.366454
삼봉공원,어린이공원,128.693685,35.331931
느티나무생태,어린이공원,128.6246915,35.258855
하늘길생태,어린이공원,128.6290563,35.26009844
한들공원,소공원,128.6675439,35.25513465
반송공원,근린공원,128.673685,35.238749
제25호 어린이공원,어린이공원,128.580801,35.234146
제26호 어린이공원,어린이공원,128.5844431,35.23498233
제27호 어린이공원,어린이공원,128.588431,35.235417
제29호 어린이공원,어린이공원,128.596884,35.222829
제30호 어린이공원,어린이공원,128.598146,35.220902
제33호 어린이공원,어린이공원,128.573891,35.218414
제34호 어린이공원,어린이공원,128.572667,35.221479
제35호 어린이공원,어린이공원,128.568575,35.227371
제36호 어린이공원,어린이공원,128.566821,35.231033
제39호 어린이공원,어린이공원,128.567142,35.221588
제40호 어린이공원,어린이공원,128.563782,35.219591
석전 근린공원,근린공원,128.5693714,35.229724
팔룡 근린공원,근린공원,128.590732,35.225837
중앙 근린공원,근린공원,128.576706,35.224239
제15호 어린이공원,어린이공원,128.596756,35.257254
제16호 어린이공원,어린이공원,128.596867,35.254862
제17호 어린이공원,어린이공원,128.593676,35.253549
제18호 어린이공원,어린이공원,128.599264,35.253612
제19호 어린이공원,어린이공원,128.5981057,35.249397
제20호 어린이공원,어린이공원,128.583342,35.243232
제21호 어린이공원,어린이공원,128.588608,35.241737
제22호 어린이공원,어린이공원,128.580957,35.239993
제24호 어린이공원,어린이공원,128.577427,35.233016
19호 소공원,소공원,128.595476,35.250202
3.15 근린공원,근린공원,128.589058,35.253942
삼각지 근린공원,근린공원,128.588704,35.220459
마산-31호공원,어린이공원,128.583249,35.218705
마산-32호공원,어린이공원,128.578533,35.217638
고산정,어린이공원,128.7011211,35.23028169
청명,어린이공원,128.685631,35.218122
209호,소공원,128.699087,35.228231
신덕,어린이공원,128.697467,35.229849
청석,어린이공원,128.6636617,35.241186
31호,어린이공원,128.6648406,35.24104267
금강,어린이공원,128.6640642,35.23882765
황새,어린이공원,128.673337,35.224844
비둘기,어린이공원,128.6744985,35.22436456
여우비,어린이공원,128.675114,35.227363
고산마을,어린이공원,128.701862,35.228463
구지,어린이공원,128.702304,35.221766
개월,어린이공원,128.699074,35.220721
강정,어린이공원,128.6968659,35.22235512
푸르미,어린이공원,128.685892,35.220208
토월공원,근린공원,128.6984643,35.23079881
대상공원,근린공원,128.6730869,35.221002
불모산공원,근린공원,128.6993041,35.22615288
석동1공원,소공원,128.694604,35.160045
소공원,소공원,128.6691652,35.15369057
석동공원,어린이공원,128.703952,35.151136
자은1공원,어린이공원,128.7017609,35.155969
자은2공원,어린이공원,128.700787,35.15304033
자은3공원,어린이공원,128.709296,35.153366
장복산공원,근린공원,128.6587193,35.17214852
석동근린공원,근린공원,128.7051421,35.15300069
경화제2공원,어린이공원,128.682781,35.161854
석동2지구제1공원,어린이공원,128.704676,35.157146
석동2지구제2공원,어린이공원,128.70976,35.155655
석동2공원,어린이공원,128.695475,35.15828928
가음정공원,근린공원,128.688857,35.212174
삼정자공원,근린공원,128.7078519,35.197166
상남공원,근린공원,128.6871509,35.21652257
남지공원,근린공원,128.6716155,35.19550617
양곡공원,근린공원,128.6432,35.182773
월림공원,근린공원,128.646931,35.207928
신촌공원,근린공원,128.621328,35.21098936
기업사랑공원,근린공원,128.686545,35.209588
대방체육공원,체육공원,128.7118792,35.216075
1호,소공원,128.7095604,35.19824135
22호,소공원,128.714541,35.194779
31호,소공원,128.678004,35.216122
39호,소공원,128.723793,35.188731
49호,소공원,128.707491,35.187852
창원묘지공원,묘지공원,128.6636211,35.19185782
나래,어린이공원,128.703001,35.2078314
다솜,어린이공원,128.700975,35.212382
먼등,어린이공원,128.705873,35.215727
대암,어린이공원,128.7110406,35.20650394
안민,어린이공원,128.6888982,35.187044
꿈꾸러기,어린이공원,128.6883895,35.214631
온누리,어린이공원,128.7021441,35.206562
샛별,어린이공원,128.702331,35.20519331
75호,어린이공원,128.710901,35.19988991
97호,어린이공원,128.7167548,35.19811189
성주,어린이공원,128.716077,35.195624
99호,어린이공원,128.721507,35.192797
웅남,어린이공원,128.628761,35.201375
쉼터,어린이공원,128.628244,35.201475
푸른,어린이공원,128.6282663,35.201191
94호,어린이공원,128.7042069,35.205016
200호,어린이공원,128.723508,35.190471
205호,어린이공원,128.715097,35.194867
가음정공원,근린공원,128.688857,35.212174
삼정자공원,근린공원,128.7078519,35.197166
제43호 어린이공원,어린이공원,128.617332,35.213286
석동2공원(그린빌공원),근린공원,128.7065752,35.15520749
99호,어린이공원,128.721507,35.192797
웅남,어린이공원,128.628761,35.201375
쉼터,어린이공원,128.628244,35.201475
푸른,어린이공원,128.6282663,35.201191
94호,어린이공원,128.7042069,35.205016
200호,어린이공원,128.723508,35.190471
205호,어린이공원,128.715097,35.194867
안민,어린이공원,128.6888982,35.187044
꿈꾸러기,어린이공원,128.6883895,35.214631
온누리,어린이공원,128.7021441,35.206562
샛별,어린이공원,128.702331,35.20519331
75호,어린이공원,128.710901,35.19988991
97호,어린이공원,128.7167548,35.19811189
성주,어린이공원,128.716077,35.195624
대방체육공원,체육공원,128.7118792,35.216075
1호,소공원,128.7095604,35.19824135
22호,소공원,128.714541,35.194779
31호,소공원,128.678004,35.216122
39호,소공원,128.723793,35.188731
49호,소공원,128.707491,35.187852
창원묘지공원,묘지공원,128.6636211,35.19185782
나래,어린이공원,128.703001,35.2078314
다솜,어린이공원,128.700975,35.212382
먼등,어린이공원,128.705873,35.215727
대암,어린이공원,128.7110406,35.20650394
양곡공원,근린공원,128.6432,35.182773
월림공원,근린공원,128.646931,35.207928
신촌공원,근린공원,128.621328,35.21098936
기업사랑공원,근린공원,128.686545,35.209588
남지공원,근린공원,128.6716155,35.19550617
상남공원,근린공원,128.6871509,35.21652257
경화제2공원,어린이공원,128.682781,35.161854
석동2지구제1공원,어린이공원,128.704676,35.157146
석동2지구제2공원,어린이공원,128.70976,35.155655
석동2공원,어린이공원,128.695475,35.15828928
석동1공원,소공원,128.694604,35.160045
소공원,소공원,128.6691652,35.15369057
석동공원,어린이공원,128.703952,35.151136
자은1공원,어린이공원,128.7017609,35.155969
자은2공원,어린이공원,128.700787,35.15304033
자은3공원,어린이공원,128.709296,35.153366
장복산공원,근린공원,128.6587193,35.17214852
제59호 어린이공원,어린이공원,128.502868,35.238024
제61호 어린이공원,어린이공원,128.495093,35.231138
제62호 어린이공원,어린이공원,128.496479,35.227679
제63호 어린이공원,어린이공원,128.498656,35.230029
마산-3호(산호공원),근린공원,128.582603,35.213837
마산-구항공원-11호공원,근린공원,128.57191,35.197554
마산-노비산공원,근린공원,128.5741319,35.2141073
마산-추산공원,근린공원,128.5689093,35.20567103
마산-만날공원,근린공원,128.548632,35.184713
마산-자산공원,어린이공원,128.560392,35.201271
마산-42호공원,어린이공원,128.563383,35.214707
마산-50호공원,어린이공원,128.563011,35.206094
마산-51호공원,어린이공원,128.56101,35.204227
제37호 어린이공원,어린이공원,128.559095,35.233561
제38호 어린이공원,어린이공원,128.556994,35.233128
제41호 어린이공원,어린이공원,128.560104,35.215955
제44호 어린이공원,어린이공원,128.511344,35.251046
제45호 어린이공원,어린이공원,128.509318,35.249821
제46호 어린이공원,어린이공원,128.507466,35.246936
제47호 어린이공원,어린이공원,128.504014,35.243249
제48호 어린이공원,어린이공원,128.498954,35.245907
제49호 어린이공원,어린이공원,128.500587,35.244626
제57호 어린이공원,어린이공원,128.503604,35.227674
제58호 어린이공원,어린이공원,128.501325,35.233546
상곡 근린공원,근린공원,128.499936,35.239859
중리 근린공원,근린공원,128.505409,35.248542
삼계 근린공원,근린공원,128.502764,35.225646
원계 근린공원,근린공원,128.5058877,35.237213
마산-자산공원,어린이공원,128.560392,35.201271
마산-42호공원,어린이공원,128.563383,35.214707
마산-50호공원,어린이공원,128.563011,35.206094
마산-51호공원,어린이공원,128.56101,35.204227
마산-54호공원,어린이공원,128.5721855,35.19927659
마산-55호공원,어린이공원,128.564193,35.184831
마산-56호공원,어린이공원,128.563776,35.177844
마산-68호공원,어린이공원,128.55879,35.198032
마산-69호공원,어린이공원,128.565071,35.205288
마산-70호공원,어린이공원,128.572129,35.201618
마산-3호(산호공원),근린공원,128.582603,35.213837
마산-구항공원-11호공원,근린공원,128.57191,35.197554
마산-노비산공원,근린공원,128.5741319,35.2141073
마산-추산공원,근린공원,128.5689093,35.20567103
마산-만날공원,근린공원,128.548632,35.184713
마산-진동공원,근린공원,128.49135,35.119768
마산-서항공원-12호공원,근린공원,128.566052,35.176497
마산-근린공원-6(현동공원),근린공원,128.55783,35.148049
마산-근린공원-26(현동공원),근린공원,128.548538,35.146073
마산-어린이공원-1,어린이공원,128.55803,35.143427
마산-어린이공원-3,어린이공원,128.550638,35.146177
마산-어린이공원-4,어린이공원,128.560107,35.14004
마산-어린이공원-5,어린이공원,128.554695,35.15341
마산-52호공원,어린이공원,128.55894,35.173599
마산-53호공원,어린이공원,128.557189,35.170725
마산-진동4호공원(77호),어린이공원,128.490649,35.114883
마산-진북2호공원,어린이공원,128.464534,35.115664
마산-진전2호공원,어린이공원,128.417423,35.100925
문화공원(창원덴소도시첨단산업단지),문화공원,128.55017,35.156485
마산-어린이공원-5,어린이공원,128.554695,35.15341
마산-52호공원,어린이공원,128.55894,35.173599
마산-53호공원,어린이공원,128.557189,35.170725
마산-어린이공원-82(진북4호공원),어린이공원,128.4841,35.140671
마산-어린이공원-83(진북5호공원),어린이공원,128.483026,35.140605
마산-어린이공원-84,어린이공원,128.480871,35.140406
마산-어린이공원-85,어린이공원,128.481395,35.140232
마산-진동1호공원(74호),어린이공원,128.486814,35.117282
마산-진동2호공원(75호),어린이공원,128.487423,35.119831
마산-진동공원,근린공원,128.49135,35.119768
마산-서항공원-12호공원,근린공원,128.566052,35.176497
마산-근린공원-6(현동공원),근린공원,128.55783,35.148049
마산-근린공원-26(현동공원),근린공원,128.548538,35.146073
마산-어린이공원-1,어린이공원,128.55803,35.143427
마산-어린이공원-3,어린이공원,128.550638,35.146177
마산-어린이공원-4,어린이공원,128.560107,35.14004
정자공원,어린이공원,128.581911,35.054792
소공원,소공원,128.585321,35.055591
소공원,소공원,128.585611,35.055749
STX소공원,소공원,128.725073,35.112277
에너지과학공원,문화공원,128.6883002,35.14129989
이동1공원,어린이공원,128.6953003,35.15013512
이동2공원,어린이공원,128.692327,35.14983
풍호2공원,어린이공원,128.707537,35.136968
풍호3공원,어린이공원,128.7120063,35.136315
자은4공원,어린이공원,128.705874,35.149702
소공원,소공원,128.779917,35.116394
소공원,소공원,128.725096,35.112542
제1근린공원,근린공원,128.7503006,35.10473489
제2근린공원,근린공원,128.7544855,35.10469379
흰돌메공원,근린공원,128.7709843,35.10081023
체육공원1,체육공원,128.694249,35.147579
장천체육공원,체육공원,128.71995,35.127251
웅천묘지공원,묘지공원,128.728329,35.107534
용재공원,근린공원,128.8171577,35.1000094
청안2공원,근린공원,128.802864,35.10311242
제1어린이공원,어린이공원,128.804799,35.099779
제2어린이공원,어린이공원,128.8154804,35.10412037
제3어린이공원,어린이공원,128.815579,35.098046
제4어린이공원,어린이공원,128.819844,35.0991545
자은3지구공원,어린이공원,128.708553,35.142735
장천1공원,어린이공원,128.707657,35.127177
자은5공원,어린이공원,128.70577,35.150681
제덕제1공원,어린이공원,128.74214,35.101914
제덕제2공원,어린이공원,128.743698,35.10065
자은공원,어린이공원,128.710183,35.147241
남양공원,어린이공원,128.7848394,35.12229292
제1어린이공원,어린이공원,128.747389,35.109724
제2어린이공원,어린이공원,128.751182,35.107084
제3어린이공원,어린이공원,128.753777,35.109869
제4어린이공원,어린이공원,128.754927,35.107277
초록오름공원1(근린공원26),근린공원,128.80618,35.089326
초록오름공원2(근린공원15),근린공원,128.8094691,35.08942323
풀잎나루공원(근린공원16),근린공원,128.8214848,35.09200602
모람공원(근린공원17),근린공원,128.8226433,35.08733447
망개공원(어린이공원30),어린이공원,128.8007678,35.08909293
이슬공원(어린이공원31),어린이공원,128.805186,35.086878
물방울공원(어린이공원32),어린이공원,128.810147,35.08693
가람공원(어린이공원33),어린이공원,128.813516,35.087521
잎새길공원(어린이공원34),어린이공원,128.815032,35.090397
물방울공원(어린이공원32),어린이공원,128.810147,35.08693
가람공원(어린이공원33),어린이공원,128.813516,35.087521
잎새길공원(어린이공원34),어린이공원,128.815032,35.090397
풍호공원,근린공원,128.7131765,35.136253
제황산공원,근린공원,128.6631795,35.14882748
남양공원,근린공원,128.7818533,35.11462096
안골무궁화공원,근린공원,128.8029293,35.09840368
청안공원(용원문화공원),근린공원,128.807032,35.103699
제2어린이공원,어린이공원,128.751182,35.107084
제3어린이공원,어린이공원,128.753777,35.109869
제4어린이공원,어린이공원,128.754927,35.107277
초록오름공원1(근린공원26),근린공원,128.80618,35.089326
초록오름공원2(근린공원15),근린공원,128.8094691,35.08942323
풀잎나루공원(근린공원16),근린공원,128.8214848,35.09200602
모람공원(근린공원17),근린공원,128.8226433,35.08733447
망개공원(어린이공원30),어린이공원,128.8007678,35.08909293
이슬공원(어린이공원31),어린이공원,128.805186,35.086878
제1어린이공원,어린이공원,128.747389,35.109724
제4어린이공원,어린이공원,128.819844,35.0991545
자은3지구공원,어린이공원,128.708553,35.142735
장천1공원,어린이공원,128.707657,35.127177
자은5공원,어린이공원,128.70577,35.150681
제덕제1공원,어린이공원,128.74214,35.101914
제덕제2공원,어린이공원,128.743698,35.10065
자은공원,어린이공원,128.710183,35.147241
남양공원,어린이공원,128.7848394,35.12229292
장천체육공원,체육공원,128.71995,35.127251
웅천묘지공원,묘지공원,128.728329,35.107534
소공원,소공원,128.779917,35.116394
소공원,소공원,128.725096,35.112542
STX소공원,소공원,128.725073,35.112277
에너지과학공원,문화공원,128.6883002,35.14129989
이동1공원,어린이공원,128.6953003,35.15013512
이동2공원,어린이공원,128.692327,35.14983
풍호2공원,어린이공원,128.707537,35.136968
풍호3공원,어린이공원,128.7120063,35.136315
자은4공원,어린이공원,128.705874,35.149702
제1어린이공원,어린이공원,128.804799,35.099779
제2어린이공원,어린이공원,128.8154804,35.10412037
제3어린이공원,어린이공원,128.815579,35.098046
체육공원1,체육공원,128.694249,35.147579
명일공원,근린공원,127.1634092,37.5512577
명우공원,어린이공원,127.141455,37.551537
혜림공원,어린이공원,127.139905,37.54460149
성안공원,어린이공원,127.134773,37.531369
선린공원,어린이공원,127.132711,37.52851478
보람공원,어린이공원,127.131302,37.52471702
안말공원,어린이공원,127.129903,37.531236
샘터공원,근린공원,127.159087,37.561901
방죽공원,근린공원,127.1598268,37.5591586
동명공원,근린공원,127.164455,37.561146
상일공원,근린공원,127.167312,37.5469247
방아다리공원,어린이공원,127.153648,37.548156
둔촌공원,어린이공원,127.143288,37.531437
암사동공원,소공원,127.123729,37.550259
솜다래공원,근린공원,127.141229,37.553691
천일공원,어린이공원,127.1362629,37.54498878
당말공원,어린이공원,127.133246,37.53912769
다솜공원,어린이공원,127.167582,37.546877
꽃보라공원,어린이공원,127.175724,37.565352
윤슬공원,어린이공원,127.177545,37.562677
꿈터공원,어린이공원,127.180266,37.560861
나루공원,어린이공원,127.123604,37.547038
강일공원,근린공원,127.174559,37.569526
벌말공원,근린공원,127.177202,37.559936
암사공원,어린이공원,127.137981,37.552756
강덕공원,근린공원,127.174682,37.558585
능골공원,근린공원,127.174727,37.556768
구름공원,어린이공원,127.179213,37.566745
고명공원,어린이공원,127.143352,37.552473
일자산공원,근린공원,127.1513563,37.5330568
원터공원,근린공원,127.1430368,37.5524155
송림공원,근린공원,127.1539494,37.55504732
까치공원,근린공원,127.149995,37.557079
두레공원,근린공원,127.152203,37.558206
동자공원,근린공원,127.152467,37.559711
샛별공원,어린이공원,127.127036,37.526993
달님공원,어린이공원,127.142551,37.53621038
무궁화공원,어린이공원,127.1454038,37.5423345
희망공원,어린이공원,127.142255,37.539039
성심공원,어린이공원,127.137376,37.53831458
샘물공원,어린이공원,127.1447414,37.5510159
염주골공원,어린이공원,127.1456059,37.549932
성내천공원,어린이공원,127.123929,37.526764
새장터공원,어린이공원,127.130563,37.55212624
광나루공원,어린이공원,127.1255454,37.5500717
볕우물공원,어린이공원,127.135704,37.553613
구암공원,어린이공원,127.137608,37.556567
선사공원,어린이공원,127.1299975,37.55576061
올림픽공원,기타,127.115518,37.520341
풍납타이어,기타,127.121564,37.535938
동자공원,어린이공원,127.167009,37.552388
게내공원,어린이공원,127.171472,37.549262
까치공원,어린이공원,127.161966,37.547741
하늬공원,어린이공원,127.159677,37.546126
파랑새공원,어린이공원,127.150864,37.547964
은하수공원,어린이공원,127.1435031,37.552017
진달래공원,어린이공원,127.1436747,37.5521507
천사공원,어린이공원,127.1284086,37.54380935
고분다리공원,어린이공원,127.131821,37.54540502
동산공원,어린이공원,127.129682,37.547119
광진공원,어린이공원,127.122505,37.542946
천일골목공원,어린이공원,127.1314181,37.5405287
천호삼거리공원,어린이공원,127.138494,37.545489
천호큰골목공원,어린이공원,127.138573,37.545101
천암공원,어린이공원,127.136878,37.547844
성내공원,근린공원,127.126516,37.529486
샛마을공원,근린공원,127.147099,37.550106
화랑공원,어린이공원,127.123192,37.540033
꿈나래공원,어린이공원,127.153742,37.5608275
곰돌이공원,어린이공원,127.154997,37.556235
한우물공원,어린이공원,127.162736,37.561635
무지개공원,어린이공원,127.164191,37.559162
말우물공원,어린이공원,127.169476,37.560012
미리내공원,어린이공원,127.167908,37.554712
태양,근린공원,127.115349,37.525399
풍납,근린공원,127.121876,37.538571
개포공원,어린이공원,127.067125,37.485235
개포개나리공원,어린이공원,127.067125,37.485235
일원은행나무공원,어린이공원,127.068214,37.492002
수서택지개발(광평부근),근린공원,127.092754,37.487307
세곡공원,근린공원,127.104715,37.469014
광평공원,근린공원,127.083389,37.485867
대청근린공원,근린공원,127.0830019,37.49319912
늘푸른근린공원,근린공원,127.077436,37.489885
대진근린공원,근린공원,127.0788531,37.496049
한솔근린공원,근린공원,127.069411,37.480936
일원개나리공원,어린이공원,127.067728,37.482993
일원느티나무공원,어린이공원,127.068692,37.483047
일원소나무공원,어린이공원,127.073013,37.484061
일원진달래공원,어린이공원,127.075966,37.484753
수서은행나무공원,어린이공원,127.0997523,37.49213676
수서목련공원,어린이공원,127.099314,37.491169
수서개나리공원,어린이공원,127.096653,37.487518
못골공원,어린이공원,127.091406,37.473573
윗방죽마을공원,어린이공원,127.100111,37.470276
대왕공원,어린이공원,127.091064,37.474486
근린공원3호,근린공원,127.093071,37.472608
근린공원4호,근린공원,127.096381,37.474515
근린공원5호,근린공원,127.0997276,37.47330498
근린공원6호,근린공원,127.101805,37.472267
근린공원7호,근린공원,127.092804,37.471058
쉼표소공원,소공원,127.099851,37.467518
일원목련공원,어린이공원,127.076807,37.491431
궁마을공원,어린이공원,127.090647,37.484831
한마음공원,어린이공원,127.067034,37.496013
일원장미공원,어린이공원,127.071949,37.480681
방이동고분,역사공원,127.1181634,37.50757311
백제초기적석총,역사공원,127.102815,37.50214179
성내천,기타,127.139533,37.500542
탄천,기타,127.088061,37.499063
두레어린이공원,어린이공원,127.156245,37.494278
신천어린이교통,근린공원,127.101762,37.516022
모슬,어린이공원,127.145466,37.492376
몽촌,어린이공원,127.114841,37.512891
무궁화,어린이공원,127.127074,37.493062
문현,어린이공원,127.128143,37.481238
반딧불,어린이공원,127.124078,37.487938
방잇골,어린이공원,127.110304,37.513395
방죽,어린이공원,127.122796,37.500653
거여6(거마재정비),소공원,127.154635,37.497464
문정동136 소공원,소공원,127.133264,37.487951
잠실주공5단지 소공원,소공원,127.098124,37.513067
송례(위례 근린공원8호),근린공원,127.141005,37.477529
훙이,어린이공원,127.1247542,37.501139
늘푸른,소공원,127.155809,37.498552
평화,소공원,127.112151,37.516291
오금지구 수변공원,수변공원,127.136866,37.507619
돌무데기놀이터,기타,127.157195,37.492024
가락1(시영아파트),근린공원,127.1025318,37.49761457
문이,근린공원,127.113722,37.484857
위례 근린공원1호,근린공원,127.144136,37.483179
위례 근린공원3호,근린공원,127.139533,37.490844
잠실주공5단지 근린공원,근린공원,127.095491,37.512706
향유(거마재정비),근린공원,127.147614,37.494489
가락1(시영아파트),어린이공원,127.1025318,37.49761457
문정동136 어린이공원,어린이공원,127.134752,37.487357
잠실진주,어린이공원,127.108557,37.518792
장미아파트1호,어린이공원,127.099146,37.518333
장미아파트2호,어린이공원,127.103546,37.520392
거여2(거마재정비),소공원,127.156702,37.491039
거여3(거마재정비),소공원,127.155509,37.494838
거여4(거마재정비),소공원,127.156222,37.494411
거여5(거마재정비),소공원,127.157751,37.491148
한샘,어린이공원,127.124969,37.484765
향나무,어린이공원,127.144382,37.489698
투구봉,어린이공원,127.135365,37.494001
팔각정,어린이공원,127.124131,37.492637
오봉산,어린이공원,127.1023092,37.50612827
용마,어린이공원,127.148556,37.499753
윗바람,어린이공원,127.112122,37.534281
임금샘,어린이공원,127.125048,37.51120967
잔버들,어린이공원,127.144299,37.497372
중대,어린이공원,127.115427,37.499678
진달래,어린이공원,127.086313,37.503675
천상,어린이공원,127.159174,37.494277
초록,어린이공원,127.156954,37.495639
큰바위,어린이공원,127.142529,37.498054
수정,어린이공원,127.126227,37.489004
아랫말,어린이공원,127.137384,37.504704
아랫바람,어린이공원,127.112232,37.532301
아름,어린이공원,127.106998,37.503279
안골,어린이공원,127.135319,37.502813
안산골,어린이공원,127.126718,37.497609
어사,어린이공원,127.113002,37.507278
영풍,어린이공원,127.142517,37.495077
옛동산,어린이공원,127.115877,37.509534
오동나무,어린이공원,127.133895,37.506227
글샘작은,근린공원,127.121588,37.477494
누에머리,근린공원,127.141799,37.50381027
동산,근린공원,127.114485,37.506226
건너말,근린공원,127.123473,37.491603
글샘,근린공원,127.121867,37.478823
개롱,근린공원,127.130026,37.493407
거여,근린공원,127.140981,37.497007
가락,근린공원,127.125124,37.498469
개나리,근린공원,127.094089,37.507553
솔바람,어린이공원,127.129415,37.478959
비석거리,어린이공원,127.117497,37.494525
뽕밭,어린이공원,127.081067,37.507773
삼밭,어린이공원,127.092841,37.499464
삼밭나루,어린이공원,127.091718,37.505115
삼전,어린이공원,127.090203,37.501768
삼학사,어린이공원,127.095323,37.506232
새마을,어린이공원,127.086579,37.508222
새말,어린이공원,127.125727,37.494731
새싹,어린이공원,127.112862,37.504924
샛별,어린이공원,127.121754,37.497957
샛팽이,어린이공원,127.1339104,37.496755
석촌,어린이공원,127.099748,37.505901
섬굴,어린이공원,127.149266,37.496925
솔밭,어린이공원,127.123519,37.509068
동호수,어린이공원,127.1070996,37.50991906
돌무데기,어린이공원,127.155103,37.492001
개나리,어린이공원,127.1283131,37.482425
개미,어린이공원,127.146735,37.4921999
거북이,어린이공원,127.119522,37.501648
거여,어린이공원,127.142797,37.492626
곰말,어린이공원,127.1177088,37.51190919
굴렁쇠,어린이공원,127.112375,37.490223
꿈나무,어린이공원,127.141109,37.503194
나루터,어린이공원,127.086687,37.501606
남천,어린이공원,127.152676,37.501303
늘봄,어린이공원,127.133988,37.487571
능골,어린이공원,127.133207,37.493129
대건,어린이공원,127.132107,37.497024
도담,어린이공원,127.159557,37.499584
돌마리,어린이공원,127.103249,37.5006205
방이,근린공원,127.1136443,37.51435318
백토,근린공원,127.132113,37.50811694
뽕나무,근린공원,127.081956,37.513893
삼전,근린공원,127.0933328,37.50179286
소리,근린공원,127.1208964,37.48259805
송파,근린공원,127.110451,37.50633354
송파나루,근린공원,127.1077049,37.51210416
숯내,근린공원,127.111231,37.48970385
아시아,근린공원,127.0759347,37.51068203
연화,근린공원,127.1290239,37.48549791
오금,근린공원,127.134853,37.499994
온조마루,근린공원,127.110152,37.519872
웃말,근린공원,127.123153,37.50167671
잠실,근린공원,127.084165,37.50621827
장수,근린공원,127.1304766,37.480889
장지,근린공원,127.134551,37.484721
천마,근린공원,127.158815,37.500386
하늘가람,근린공원,127.106665,37.519327
한양,근린공원,127.115461,37.503994
한우물,근린공원,127.124506,37.479138
훼밀리,근린공원,127.113846,37.490675
오금지구 근린공원,근린공원,127.140584,37.505504
가야금,어린이공원,127.129299,37.508629
마천,근린공원,127.1456483,37.50128584
매미,근린공원,127.088858,37.509512
목련,근린공원,127.138842,37.499035
문정,근린공원,127.128916,37.486486
비둘기,어린이공원,127.123352,37.512742
부렴,어린이공원,127.079254,37.505621
배미골,어린이공원,127.147076,37.490834
배밭,어린이공원,127.115347,37.501549
버들,어린이공원,127.133147,37.478761
벌말,어린이공원,127.140281,37.501638
복숭아,어린이공원,127.131379,37.506812
봉우리,어린이공원,127.119238,37.496495
양마장공원,어린이공원,127.079924,37.530871
세모꼴공원,소공원,127.0815964,37.53840524
화양공원,어린이공원,127.0696023,37.54160832
개나리공원,어린이공원,127.083613,37.538013
목련공원,어린이공원,127.0906565,37.54063897
무궁화공원,어린이공원,127.0945497,37.541247
장미공원,어린이공원,127.0901399,37.536273
구의공원,어린이공원,127.0947429,37.53650197
명성공원,어린이공원,127.077953,37.541424
구의가로휴식공원,소공원,127.084515,37.536431
정말공원,어린이공원,127.078175,37.53316599
자마장공원,어린이공원,127.0821906,37.53444989
장독골공원,어린이공원,127.0778291,37.535642
언덕배기공원,어린이공원,127.0879491,37.53214999
금모래공원,어린이공원,127.082539,37.53030864
동자공원,어린이공원,127.0742772,37.531866
노유산공원,어린이공원,127.0685093,37.53913301
도곡까치공원,어린이공원,127.0451093,37.483326
역삼장미공원,어린이공원,127.035846,37.495327
역삼무궁화공원,어린이공원,127.032209,37.493835
역삼개나리공원,어린이공원,127.0362551,37.497571
대치목련공원,어린이공원,127.0581713,37.49982553
대치까치공원,어린이공원,127.058458,37.496941
대치은행나무공원,어린이공원,127.0515319,37.501649
개포까치공원,어린이공원,127.0608782,37.48370515
개포은행나무공원,어린이공원,127.0492625,37.47602964
개포목련공원,어린이공원,127.043675,37.474238
길섶근린공원,근린공원,127.046708,37.498081
매봉근린공원,근린공원,127.045762,37.492589
봉은근린공원,근린공원,127.047136,37.498247
새뜰근린공원,근린공원,127.046607,37.497183
다솜소공원,소공원,127.039348,37.496998
도곡단비소공원,소공원,127.046942,37.493903
도곡동 426-9(로덴하우스)소공원,소공원,127.046753,37.485319
역삼나들이소공원,소공원,127.050364,37.500748
개포서근린공원,근린공원,127.064142,37.488628
개포동근린공원,근린공원,127.059526,37.489686
대치근린공원,근린공원,127.061109,37.495123
늘벗근린공원,근린공원,127.048394,37.489623
독골근린공원,근린공원,127.0468249,37.484552
포이근린공원,근린공원,127.036037,37.479681
청룡근린공원,근린공원,127.045605,37.485594
배밭근린공원,근린공원,127.053642,37.488738
학여울근린공원,근린공원,127.059561,37.491018
한티근린공원,근린공원,127.053606,37.494917
개포근린공원,근린공원,127.063861,37.4830336
달터근린공원,근린공원,127.052354,37.485434
도성근린공원,근린공원,127.044485,37.500748
송운근린공원,근린공원,127.044636,37.499848
언주근린공원,근린공원,127.043268,37.499059
아래반고개공원,어린이공원,127.098339,37.463874
윗반고개공원,어린이공원,127.104617,37.466333
세곡천공원,어린이공원,127.097552,37.462426
근린공원1호,근린공원,127.095331,37.466445
수변공원1호,수변공원,127.097181,37.465664
수변공원2호,수변공원,127.093755,37.465072
예지공원,어린이공원,127.064406,37.491953
언남,소공원,127.054721,37.463807
느티나무,소공원,127.054454,37.463821
서초종합체육공원,체육공원,127.04238,37.45859
우면생태놀이터,어린이공원,127.02917,37.47335
비  석,어린이공원,127.044123,37.478686
구  룡,어린이공원,127.048481,37.471593
개  뜰,어린이공원,127.041165,37.473958
버  들,어린이공원,127.045688,37.472382
샛  별,어린이공원,127.044645,37.470256
두둑재,어린이공원,127.044123,37.467965
횃  불,어린이공원,127.037494,37.478324
용  말,어린이공원,127.034764,37.462934
바우뫼,어린이공원,127.034467,37.474686
서  래,어린이공원,127.060341,37.501571
종  열,어린이공원,127.033702,37.474017
송동,어린이공원,127.051614,37.460981
세원,어린이공원,127.049922,37.4565925
염곡,어린이공원,127.054382,37.462312
아랫샘,어린이공원,127.072234,37.460744
윗샘,어린이공원,127.071658,37.458355
양  재,어린이공원,127.039279,37.483354
동  산,어린이공원,127.0450427,37.4713189
잔  디,어린이공원,127.035439,37.466206
게  리,어린이공원,127.040559,37.469607
바우뫼,근린공원,127.034344,37.474627
말죽거리,근린공원,127.031245,37.477852
사도감,어린이공원,127.031362,37.485651
방아다리1,근린공원,127.035576,37.478285
방아다리2,근린공원,127.035224,37.478021
양재천,근린공원,127.035223,37.478025
마  방,근린공원,127.042221,37.476355
양  재,근린공원,127.042385,37.471543
용허리,근린공원,127.042385,37.471543
고인돌,근린공원,127.046719,37.473168
대치청실아파트 소공원2,소공원,127.061029,37.495443
까치,어린이공원,126.979537,37.48053895
희망,어린이공원,126.980349,37.493693
햇 님,어린이공원,126.993462,37.479935
소라,어린이공원,127.0030298,37.478422
오솔길,소공원,127.007917,37.503183
달님,소공원,126.993464,37.479935
나  리,어린이공원,126.987332,37.504209
만  남,어린이공원,126.984721,37.502071
푸  른,어린이공원,126.989554,37.500849
초  롱,어린이공원,126.987471,37.499605
파랑새,어린이공원,126.994807,37.505076
반  원,어린이공원,127.003665,37.509143
코  아,어린이공원,127.004109,37.508949
새  터,어린이공원,127.006799,37.508053
늘푸른,어린이공원,127.005522,37.508264
아  름,어린이공원,127.004771,37.507375
효령,어린이공원,126.988386,37.483619
상명달,어린이공원,127.005556,37.482222
하명달,어린이공원,127.005439,37.485809
청  룡,어린이공원,126.999709,37.495845
남태령,어린이공원,126.988369,37.466375
서리풀,근린공원,126.985735,37.472561
서래골,근린공원,127.002352,37.501581
방배,근린공원,126.996443,37.476268
도구머리,근린공원,126.988317,37.479508
뒷  벌,어린이공원,126.9868924,37.48987805
가  꿀,어린이공원,126.987542,37.488056
까  치,어린이공원,126.990278,37.483889
새  말,어린이공원,126.988611,37.493333
너른골,어린이공원,126.994851,37.487448
정  문,어린이공원,126.999612,37.481127
안  산,어린이공원,126.992464,37.480063
방  현,어린이공원,126.991667,37.4781889
동  덕,어린이공원,126.993697,37.475516
반  포,근린공원,126.990494,37.498825
남태령제2,소공원,126.982172,37.471931
상록,어린이공원,126.980544,37.472906
남현,어린이공원,126.981333,37.471865
청파어린이공원,어린이공원,126.9683175,37.55354582
새꿈어린이공원,어린이공원,126.9744764,37.55256321
두텁바위어린이공원,어린이공원,126.9729442,37.55205433
덕수공원,소공원,126.974735,37.569254
순화어린이공원,어린이공원,126.971326,37.563458
무교1공원,소공원,126.979038,37.568451
무교2공원,소공원,126.977595,37.569004
경찰기념공원,소공원,126.968591,37.564064
진달래공원,소공원,126.974807,37.568003
만리2구역1공원,소공원,126.963143,37.552473
만리2구역2공원,소공원,126.963462,37.552941
다동공원,소공원,126.980148,37.567911
서소문제5지구공원,소공원,126.9752236,37.5631062
손기정공원,체육공원,126.9648157,37.5554795
서소문공원,역사공원,126.9688672,37.56056785
한빛미디어파크,역사공원,126.985152,37.568073
순화문화공원,문화공원,126.971601,37.559824
명동문화공원,문화공원,126.986445,37.564745
정동공원,근린공원,126.9713585,37.56773915
배재공원,어린이공원,126.972182,37.564224
저동공원,어린이공원,126.9878944,37.564736
기차길옆소공원,소공원,126.965897,37.561914
가온문화공원,문화공원,126.887402,37.581753
DMC문화공원,문화공원,126.892346,37.578064
물빛문화공원,문화공원,126.893891,37.579488
오손길마을마당,기타공원,126.902567,37.591562
신사마을마당,기타공원,126.908643,37.594385
자투리(녹번)마을마당,기타공원,126.915551,37.599552
불광3동마을숲마을마당,기타공원,126.923141,37.587015
구산동마을공원,기타공원,126.929762,37.601518
구산동청사앞소공원,기타공원,126.932051,37.599395
구산초교앞마을마당,기타공원,126.919066,37.595602
팜스퀘어 소공원,기타공원,126.906734,37.597018
신사2동 공공공지,기타공원,126.908112,37.593894
거 북 골,근린공원,126.925992,37.599915
구  산,근린공원,126.919033,37.587111
못자리골,근린공원,126.923094,37.586731
신도,근린공원,126.919595,37.594288
요  산소공원,소공원,126.918252,37.591827
구산마을마당,기타공원,126.904347,37.595561
가람어린이공원,어린이공원,126.911699,37.586711
아까시아어린이공원,어린이공원,126.928971,37.591312
개나리어린이공원,어린이공원,126.905813,37.590721
다래어린이공원,어린이공원,126.910584,37.59242
연신어린이공원,어린이공원,126.906472,37.600268
응암3재건축구역내 어린이공원,어린이공원,126.9221859,37.59302004
봉산,근린공원,126.891941,37.585195
역마을어린이공원,어린이공원,126.923517,37.601679
역말어린이공원,어린이공원,126.919446,37.598043
인조유기비어린이공원,어린이공원,126.917374,37.595367
대조어린이공원,어린이공원,126.918478,37.601073
좌월어린이공원,어린이공원,126.911312,37.598914
갈곡리어린이공원,어린이공원,126.911954,37.595946
새락골어린이공원,어린이공원,126.906559,37.582994
서갈현어린이공원,어린이공원,126.916127,37.583268
휴암어린이공원,어린이공원,126.895682,37.577092
상암공원,근린공원,126.883114,37.578874
구룡공원,근린공원,126.8837149,37.58279034
부엉이공원,근린공원,126.8830892,37.58478822
물치어린이공원,어린이공원,126.887896,37.577609
하늘소공원,소공원,126.942133,37.59385753
남가좌동소공원,소공원,126.9197414,37.58077778
남가좌동어린이공원,어린이공원,126.9178882,37.57760952
연희푸르지오어린이공원,어린이공원,126.9300362,37.57668706
백련어린이공원,어린이공원,126.9240153,37.582234
남이마을어린이공원,어린이공원,126.919623,37.579028
연남어린이공원,어린이공원,126.925305,37.578165
실락어린이공원,어린이공원,126.943334,37.594473
가좌어린이공원,어린이공원,126.9205476,37.57586791
개나리어린이공원,어린이공원,126.9177748,37.57778288
북가좌정원지구어린이공원,어린이공원,126.916819,37.579749
아름다운소공원,소공원,126.9473735,37.58479825
홍은3소공원,소공원,126.943412,37.599599
거꾸로어린이공원,어린이공원,126.913284,37.585332
문화소공원,소공원,126.948792,37.594545
무궁화소공원,소공원,126.9401841,37.58489844
문화촌어린이공원,어린이공원,126.947351,37.595074
불천어린이공원,어린이공원,126.948142,37.59743951
은가어린이공원,어린이공원,126.919472,37.582687
백련근린공원,근린공원,126.9333684,37.5906206
신가어린이공원,어린이공원,126.9083536,37.580122
해담는어린이공원,어린이공원,126.9104505,37.58239064
다람쥐어린이공원,어린이공원,126.934403,37.576037
모랫재어린이공원,어린이공원,126.944622,37.582955
상암곡어린이공원,어린이공원,126.942227,37.582828
홍남어린이공원,어린이공원,126.9291972,37.57799976
홍연어린이공원,어린이공원,126.926801,37.580074
평화공원,기타공원,126.9230105,37.60514883
연천초교앞마을마당,기타공원,126.923387,37.605192
도원극장옆마을마당,기타공원,126.926897,37.605848
응암3동마을마당,기타공원,126.927616,37.605954
녹번동마을마당,기타공원,126.907223,37.608536
연신초교옆마을마당,기타공원,126.918888,37.610501
녹번동,근린공원,126.9322993,37.60325117
덕수천,근린공원,126.90656,37.609251
응암9구역소공원,소공원,126.929362,37.609041
신흥어린이공원,어린이공원,126.9342,37.60631
응암4동어린이공원,어린이공원,126.930922,37.605483
불광어린이공원,어린이공원,126.929288,37.603157
응암9어린이공원,어린이공원,126.932237,37.603459
북한산,근린공원,126.940903,37.605799
백  련,근린공원,126.919486,37.60836
신  사,근린공원,126.915235,37.604686
시루메어린이공원,어린이공원,126.923728,37.603973
연서어린이공원,어린이공원,126.938126,37.605114
길마어린이공원,어린이공원,126.914238,37.606876
궁말어린이공원,어린이공원,126.916513,37.608641
호연어린이공원,어린이공원,126.916651,37.604098
시내어린이공원,어린이공원,126.907777,37.607188
종달새,어린이공원,126.858021,37.535302
능골,어린이공원,126.855316,37.536695
구름,어린이공원,126.844116,37.543303
볏골,어린이공원,126.844354,37.541815
노을,어린이공원,126.843928,37.539908
까치산,어린이공원,126.844436,37.538365
비둘기,어린이공원,126.846938,37.541392
큰별,어린이공원,126.848941,37.544538
꿈돌이,어린이공원,126.845352,37.546097
소나무,어린이공원,126.847807,37.547141
산새,어린이공원,126.850461,37.546321
박장,어린이공원,126.849087,37.540768
참새,어린이공원,126.847003,37.539725
한글,어린이공원,126.850451,37.538536
효심,어린이공원,126.840748,37.529643
버들,어린이공원,126.841222,37.531101
필마,어린이공원,126.838777,37.531491
다운,어린이공원,126.844653,37.532101
호돌이,어린이공원,126.846009,37.528231
곰돌이,어린이공원,126.844986,37.529554
골말,어린이공원,126.85605,37.533313
뜸부기,어린이공원,126.856902,37.530115
하마터,어린이공원,126.853739,37.530115
바탕골,어린이공원,126.834711,37.544468
미리내,어린이공원,126.834751,37.547649
수명산,어린이공원,126.834336,37.540958
대원,어린이공원,126.835911,37.544871
천사,어린이공원,126.833001,37.546917
두레,어린이공원,126.859414,37.531104
달빛,어린이공원,126.862932,37.531163
무지개,어린이공원,126.861301,37.533937
까치산,근린공원,126.843936,37.536938
수명산,근린공원,126.829893,37.550967
이수,어린이공원,126.874399,37.548414
백합,어린이공원,126.869438,37.551163
능안,어린이공원,126.859908,37.546638
봉제산,근린공원,126.849751,37.539906
마장,어린이공원,126.864686,37.533508
정목,어린이공원,126.868305,37.536923
음골,어린이공원,126.851231,37.527336
동개울,어린이공원,126.856519,37.527916
홍익,어린이공원,126.862274,37.528547
진주,어린이공원,126.855036,37.526494
꿈동산,어린이공원,126.867457,37.521912
다람쥐,어린이공원,126.866021,37.513482
까치,어린이공원,126.868243,37.514958
꿈나래,어린이공원,126.869774,37.516283
기린,어린이공원,126.869774,37.516283
사슴,어린이공원,126.873427,37.515672
목련,어린이공원,126.858322,37.511439
호돌이,어린이공원,126.861336,37.512426
세양,어린이공원,126.864025,37.506814
신월2동소공원,소공원,126.848298,37.517502
신정3동소공원,소공원,126.8339302,37.50612432
목동누리,어린이공원,126.865222,37.546104
온수도시자연공원,도시농업공원,126.840021,37.505895
오목,근린공원,126.873091,37.527761
용왕산,근린공원,126.875061,37.541663
목동,근린공원,126.879301,37.546529
달마을,근린공원,126.868045,37.543331
파리,근린공원,126.877186,37.534645
목마,근린공원,126.885426,37.538161
곰달래,근린공원,126.833053,37.524918
양지,근린공원,126.830867,37.522204
한울,근린공원,126.832681,37.519698
오솔길,근린공원,126.836526,37.521068
독서,근린공원,126.834992,37.519783
양천,근린공원,126.867861,37.518124
신트리,근린공원,126.856359,37.514686
신월,근린공원,126.833892,37.517521
계남,근린공원,126.844816,37.513745
넘은들,근린공원,126.840441,37.512951
연의,근린공원,126.830401,37.514067
갈산,근린공원,126.869032,37.508129
무지개,어린이공원,126.867044,37.528935
무궁화,어린이공원,126.864247,37.541877
한두,어린이공원,126.865352,37.549391
백석,어린이공원,126.864912,37.545356
오구,어린이공원,126.861874,37.527272
앞산,어린이공원,126.858307,37.526441
방아다리,어린이공원,126.828308,37.538641
송죽,어린이공원,126.833858,37.539399
강신,어린이공원,126.838421,37.515669
강월,어린이공원,126.836422,37.515639
아동,어린이공원,126.833504,37.523024
금실,어린이공원,126.837199,37.518409
해태,어린이공원,126.862147,37.521748
양명,어린이공원,126.854392,37.519271
꽃사과,어린이공원,126.864623,37.520069
개나리,어린이공원,126.862844,37.517709
꿈나무,어린이공원,126.858518,37.517641
단지,어린이공원,126.854131,37.519694
신세계,어린이공원,126.875895,37.521691
신정,어린이공원,126.874778,37.520437
꽃사슴,어린이공원,126.848443,37.521702
신기,어린이공원,126.854244,37.514092
푸른,어린이공원,126.837445,37.511603
신이,어린이공원,126.837529,37.512521
학마을,어린이공원,126.843669,37.508919
넓은들,어린이공원,126.839385,37.511317
하늘마루,어린이공원,126.831703,37.512571
숲속,어린이공원,126.830941,37.514551
은행정,어린이공원,126.855022,37.522027
새뚝,어린이공원,126.857728,37.524029
안산,어린이공원,126.856172,37.524593
아랫말,어린이공원,126.861828,37.525063
나말,어린이공원,126.864464,37.538689
영도,어린이공원,126.872941,37.535067
진달래,어린이공원,126.870154,37.531972
은하수,어린이공원,126.878583,37.533387
장미,어린이공원,126.882744,37.534427
햇님,어린이공원,126.879386,37.539933
별님,어린이공원,126.875231,37.537814
달님,어린이공원,126.885482,37.535171
신월,어린이공원,126.838167,37.527015
곰달래,어린이공원,126.837905,37.528711
반곡,어린이공원,126.835481,37.529181
돌다리,어린이공원,126.835812,37.531941
신대,어린이공원,126.832752,37.534828
신곡,어린이공원,126.845112,37.526252
신장,어린이공원,126.842737,37.524231
꽃동산,어린이공원,126.848436,37.526443
경인,어린이공원,126.828788,37.532106
남부,어린이공원,126.826044,37.534821
모세미,어린이공원,126.868644,37.535262
문화,어린이공원,126.842733,37.521202
꿀벌,어린이공원,126.842014,37.519986
태양,어린이공원,126.838614,37.524353
남도,어린이공원,126.840798,37.524405
당곡,어린이공원,126.840006,37.518649
신오,어린이공원,126.831469,37.538178
당뒤,어린이공원,126.828616,37.541496
도레미어린이공원,어린이공원,126.852322,37.508017
계남근린공원,근린공원,126.853069,37.505292
고척근린공원,근린공원,126.8532783,37.50658242
골목어린이공원,어린이공원,126.853545,37.507017
능골어린이공원,어린이공원,126.854254,37.506852
오금어린이공원,어린이공원,126.866221,37.504948
무궁화소공원,소공원,126.858768,37.504867
신도림어린이공원,어린이공원,126.888452,37.510678
미래사랑어린이공원,어린이공원,126.8890762,37.50984705
대성디큐브시티문화공원,문화공원,126.888733,37.508432
광명,어린이공원,126.822944,37.546857
화곡2주구1,어린이공원,126.838658,37.550169
화곡2주구2,어린이공원,126.838686,37.548687
범바위,어린이공원,126.841377,37.543234
개나리,어린이공원,126.844024,37.548372
화곡3주구1,어린이공원,126.846863,37.531816
화곡3주구2,어린이공원,126.839983,37.541419
역말,어린이공원,126.848944,37.549726
백연,어린이공원,126.851903,37.550667
솔뫼,어린이공원,126.838591,37.538026
월정,어린이공원,126.835992,37.535153
초롱,어린이공원,126.836229,37.538048
은행,어린이공원,126.840511,37.535784
까치산,어린이공원,126.841895,37.533399
배다리,어린이공원,126.848297,37.532081
안골,어린이공원,126.850746,37.535964
대무,어린이공원,126.847506,37.538002
모태,어린이공원,126.849512,37.529462
더부리,어린이공원,126.846751,37.534837
문래소공원,소공원,126.886418,37.519878
인스빌1 소공원,소공원,126.888327,37.514461
(가칭)모아미래도 소공원,소공원,126.886941,37.516607
양남어린이공원,어린이공원,126.888303,37.52320479
양화폭포근린공원,근린공원,126.881219,37.548968
코끼리,어린이공원,126.848535,37.563238
구암,근린공원,126.853729,37.567599
황금내,근린공원,126.864104,37.561783
원당,근린공원,126.842567,37.559782
등촌,근린공원,126.841391,37.563683
서낭당,근린공원,126.849984,37.558865
방화,근린공원,126.81412,37.580907
옹기골,근린공원,126.821695,37.573562
매화,근린공원,126.852151,37.557535
발산,근린공원,126.825837,37.55454
서울식물원,근린공원,126.823068,37.569783
마곡나루,근린공원,126.813091,37.566183
마곡하늬,근린공원,126.812659,37.556699
아리수,어린이공원,126.875286,37.551786
등서,어린이공원,126.854759,37.559235
백석,어린이공원,126.863328,37.55261
등마루,어린이공원,126.857379,37.556275
도림,어린이공원,126.862861,37.555871
한마음,어린이공원,126.843248,37.560723
새나라,어린이공원,126.852004,37.561861
백합,어린이공원,126.844996,37.559303
채송화,어린이공원,126.845988,37.562782
푸르매,어린이공원,126.847497,37.559106
새벗,어린이공원,126.840279,37.560711
우장,근린공원,126.843808,37.55282
궁산,근린공원,126.841332,37.574254
염창,근린공원,126.869821,37.557007
꿩고개,근린공원,126.808105,37.577983
등마루,근린공원,126.856221,37.552858
공암나루,근린공원,126.849087,37.570635
휴암문화공원,문화공원,126.8781707,37.58479973
천왕근린공원(시),근린공원,126.832162,37.576299
장미,어린이공원,126.813805,37.556809
새싹,어린이공원,126.809344,37.569485
다솔,어린이공원,126.818395,37.554534
내촌,어린이공원,126.808687,37.570073
신대부석,어린이공원,126.816494,37.583724
목련,어린이공원,126.807825,37.564958
샛별,어린이공원,126.809466,37.572699
꽃동네,어린이공원,126.847132,37.570095
가양,어린이공원,126.844789,37.569758
엄지,어린이공원,126.854721,37.565769
무지개,어린이공원,126.851657,37.565086
풀피리,어린이공원,126.854686,37.563578
곰돌이,어린이공원,126.857527,37.562405
비둘기,어린이공원,126.862944,37.559504
진달래,어린이공원,126.860808,37.562509
발음,어린이공원,126.833204,37.552042
수정,어린이공원,126.827431,37.554331
은행나무,어린이공원,126.823201,37.551205
신광명,어린이공원,126.823007,37.555429
원당,어린이공원,126.842084,37.557413
가곡,어린이공원,126.837765,37.555964
꿈빛,어린이공원,126.840003,37.556117
활주로,어린이공원,126.815978,37.554197
송정,어린이공원,126.811276,37.560635
쌈지,어린이공원,126.815041,37.571198
개나리,어린이공원,126.812217,37.573113
긴등,어린이공원,126.816214,37.567986
문성,어린이공원,126.815435,37.564839
새싹,어린이공원,126.812748,37.574806
도레미,어린이공원,126.819136,37.571792
들꽃,어린이공원,126.821181,37.570583
봉선화,어린이공원,126.806987,37.566522
민들레,어린이공원,126.806731,37.567221
새말,어린이공원,126.846474,37.552035
연지,어린이공원,126.853537,37.554707
나들이,어린이공원,126.844243,37.571854
아름,어린이공원,126.848864,37.568594
목련어린이공원,어린이공원,126.880169,37.587419
산수유어린이공원,어린이공원,126.879329,37.585402
산딸나무어린이공원,어린이공원,126.877805,37.583562
은하수,어린이공원,126.806422,37.570621
능말,어린이공원,126.810583,37.577955
메아리,어린이공원,126.814415,37.578615
느티,어린이공원,126.810313,37.579358
돌샘,어린이공원,126.818793,37.576054
꿈나무,어린이공원,126.818941,37.575238
개화,어린이공원,126.812534,37.580248
긴등마을,어린이공원,126.818681,37.563075
꿈자람,어린이공원,126.819154,37.564793
다솜,어린이공원,126.818161,37.563003
풀잎,어린이공원,126.817017,37.556989
푸르미,어린이공원,126.825543,37.570311
예솔,어린이공원,126.822741,37.563515
솔,어린이공원,126.825767,37.555856
햇빛,어린이공원,126.826886,37.555822
마로니에공원,문화공원,127.002513,37.580336
삼청공원,근린공원,126.983451,37.587701
와룡공원,근린공원,126.990122,37.591168
숭인공원,근린공원,127.018225,37.577473
지봉골공원,어린이공원,127.014468,37.578947
북한산공원,근린공원,126.980549,37.601976
창신공원,어린이공원,127.012931,37.578276
창덕공원,근린공원,126.989712,37.578868
낙산공원,어린이공원,127.010184,37.579546
명륜공원,어린이공원,126.998279,37.588055
원서공원,근린공원,126.988566,37.578234
경학공원,어린이공원,126.996902,37.584487
선농단,역사공원,127.0318885,37.58118377
삼청,근린공원,126.9871874,37.5931371
자주바위,어린이공원,127.0178925,37.58287149
북악산,근린공원,126.9871874,37.5931371
돌마루,소공원,127.012142,37.5880187
되너미,소공원,127.012756,37.586644
꿈빛,소공원,127.012756,37.586644
동망봉,어린이공원,127.017073,37.5838591
숭인,근린공원,127.0178925,37.58287149
삼선,어린이공원,127.01039,37.58323585
범바위,어린이공원,127.021534,37.585257
꿈나라,어린이공원,127.023018,37.580024
새소리,어린이공원,127.025382,37.600751
매화,어린이공원,127.0207412,37.60011962
고암,어린이공원,127.031027,37.599243
성북,근린공원,127.023636,37.600528
개운산,근린공원,127.0257184,37.59741206
벽오산,어린이공원,127.0302701,37.62758933
미아도심소,어린이공원,127.031259,37.62536211
오 패,어린이공원,127.032307,37.62231672
한 빛,어린이공원,127.022893,37.62768452
운 산,어린이공원,127.025573,37.63209072
솔 샘,어린이공원,127.027053,37.618286
으 뜸,어린이공원,127.0262405,37.62361033
세 일,어린이공원,127.0252619,37.63387737
응달마을,어린이공원,127.024271,37.618383
미래,소공원,127.014615,37.624872
폭포,소공원,127.020702,37.614482
꼭지,소공원,127.017436,37.617126
테두리,어린이공원,127.017141,37.618199
고갯마루,어린이공원,127.017399,37.617067
강북6구역,소공원,127.030491,37.613866
오동근린공원,근린공원,127.0330423,37.62923217
청 암,어린이공원,127.017047,37.624364
보등골,어린이공원,127.018417,37.635202
수유일공원,어린이공원,127.017011,37.630852
빨래골,어린이공원,127.014863,37.629534
평창공원,소공원,126.977439,37.610096
북한산,근린공원,127.0060971,37.62301953
길음2구역,근린공원,127.022011,37.60504961
정릉동,근린공원,127.0045308,37.61846189
맑은소리,소공원,127.0245875,37.6108385
별빛누리,소공원,126.985863,37.612095
도란도란,소공원,127.026312,37.6093807
옛시장,어린이공원,127.033882,37.602273
늘푸른,어린이공원,127.018009,37.607521
아름,어린이공원,127.018009,37.607521
길음골,소공원,127.018679,37.609589
길섶,소공원,127.018679,37.609589
행복한,소공원,127.018009,37.607521
두레,소공원,127.018009,37.607521
오얏골,어린이공원,127.034511,37.633912
모랫말,근린공원,127.032787,37.604825
아름드리,근린공원,127.0359869,37.610105
배밭골,어린이공원,126.9986863,37.60812583
동산,어린이공원,127.034528,37.606265
솔향기,어린이공원,127.021295,37.608108
해맑은,어린이공원,127.020925,37.608493
한울,어린이공원,127.013686,37.605709
솔숲,어린이공원,127.014971,37.604746
신사목련공원,어린이공원,127.017064,37.522898
논현목련공원,어린이공원,127.017942,37.510851
논현은행나무공원,어린이공원,127.013669,37.512617
효창공원,근린공원,126.9592546,37.54427794
새나라어린이공원,어린이공원,126.9763501,37.54831908
늘푸른어린이공원,어린이공원,126.9565534,37.53490298
동자어린이공원,어린이공원,126.9739448,37.55008973
이태원어린이공원,어린이공원,126.9890406,37.53840706
돌모루어린이공원,어린이공원,126.9685903,37.54277172
신계공원,역사공원,126.9662835,37.53507915
소월길어린이공원,어린이공원,126.9892426,37.54356278
꿈나무공원,소공원,126.9717206,37.52079543
새싹어린이공원,어린이공원,126.9545216,37.52696094
삼각지어린이공원,어린이공원,126.9753924,37.53440608
응봉공원,근린공원,127.0053039,37.54498748
동빙고공원,근린공원,126.9839844,37.51739634
효창어린이공원,어린이공원,126.9585527,37.54279186
이촌공원,소공원,126.9797915,37.51876588
새푸리공원,소공원,126.967852,37.5215997
도원어린이공원,어린이공원,126.9547839,37.53715411
강변공원,소공원,126.9750392,37.52133783
솔밭어린이공원,어린이공원,126.9736678,37.53722942
신창동어린이공원,어린이공원,126.9540891,37.53667041
서빙고공원,근린공원,126.9711908,37.52478246
기와터공원,근린공원,126.9696613,37.52576931
문배어린이공원,어린이공원,126.969795,37.53662808
만리재소공원,소공원,126.95506,37.544549
단풍소공원,소공원,126.953369,37.548684
아현새싹소공원,소공원,126.954392,37.551895
아현초록소공원,소공원,126.953151,37.554446
용강나루소공원,소공원,126.942213,37.541796
용강소공원,소공원,126.940505,37.542972
대흥소공원,소공원,126.94127,37.548456
쌍룡산어린이공원,어린이공원,126.950353,37.552166
토정어린이공원,어린이공원,126.943573,37.540594
공덕소공원,소공원,126.954555,37.548495
충현공원,어린이공원,127.004876,37.552205
꿈나무,어린이공원,126.944641,37.506795
국화원,소공원,126.942298,37.50479617
까망돌,어린이공원,126.964102,37.506578
꽃담길,소공원,126.942102,37.505644
흑석,소공원,126.957863,37.509385
꿈나래,어린이공원,126.9481801,37.5052677
까막골,소공원,126.9605347,37.5045058
비둘기,어린이공원,126.9518335,37.505903
까치산,근린공원,126.9627656,37.51066813
본동,어린이공원,126.954241,37.511023
비계,소공원,126.966267,37.505468
태양,어린이공원,126.944663,37.506795
충효,소공원,126.950109,37.513788
노량진,근린공원,126.943688,37.509371
용봉정,근린공원,126.958792,37.511663
사육신,역사공원,126.9494127,37.51345628
고무래,어린이공원,127.015402,37.520352
싸리재,어린이공원,127.018203,37.513326
주  흥,어린이공원,127.016698,37.512121
언구비,어린이공원,127.020207,37.508909
명주,근린공원,127.015143,37.517169
반딧불,근린공원,127.000063,37.520172
원촌,근린공원,127.020225,37.550471
사평리,근린공원,127.014739,37.519855
잠  원,근린공원,127.010099,37.512747
신  동,근린공원,127.014521,37.514313
쌍룡산공원,근린공원,126.950353,37.552946
노고산공원,근린공원,126.942271,37.552734
큰더기어린이공원,어린이공원,126.953133,37.550143
공덕역어린이공원,어린이공원,126.95128,37.544846
마포어린이공원,어린이공원,126.943694,37.53582016
복사꽃어린이공원,어린이공원,126.9463517,37.538997
도화소어린이공원,어린이공원,126.9453426,37.541067
삼개어린이공원,어린이공원,126.94508,37.54035817
대흥어린이공원,어린이공원,126.94354,37.543693
옥정,소공원,127.0153489,37.5458337
매봉,소공원,127.0121475,37.54528941
응봉,근린공원,127.0168169,37.55240898
금호,근린공원,127.018989,37.54967863
애오개도담어린이공원,어린이공원,126.960269,37.552936
이촌한우리공원,소공원,126.9811033,37.51713728
해님공원,소공원,126.9701225,37.53914485
달님공원,소공원,126.9696005,37.53842848
별님공원,소공원,126.9692013,37.53816497
이태원마을숲,소공원,126.9916144,37.54138447
독서당공원,소공원,127.0124813,37.53446933
한남공원,소공원,127.0138818,37.53723823
이태원어린이놀이터,소공원,126.9899372,37.53568455
한강대로공원,소공원,126.9635751,37.52410325
이태원부군당,역사공원,126.9897547,37.53580072
신용산가로공원,가로공원,126.9641411,37.5311035
한강로가로공원,가로공원,126.9619794,37.524518
서계가로어린이공원,어린이공원,126.9642518,37.5512847
후암어린이공원,어린이공원,126.9837162,37.54720969
비상공원,소공원,126.971394,37.52234239
청탑공원,소공원,126.9773724,37.5178079
사촌공원,소공원,126.9709198,37.52062627
강변복지공원,소공원,126.9659015,37.52111412
평화어린이공원,어린이공원,126.9373261,37.52135273
자유어린이공원,어린이공원,126.9373261,37.52135273
안골,어린이공원,127.0643819,37.56526436
늘봄,어린이공원,127.0725893,37.5713224
쉼터,어린이공원,127.0593171,37.56484697
장평,근린공원,127.0737398,37.56748813
미나리,어린이공원,127.0679937,37.5638584
샛별,어린이공원,127.0674928,37.56784857
답십리,근린공원,127.0638172,37.57332011
청송,소공원,127.0584887,37.54548954
장미,소공원,127.0689677,37.5522684
송정,어린이공원,127.0704912,37.5552453
성삼,어린이공원,127.0600843,37.54205593
아남,어린이공원,127.0647052,37.54699097
열림,어린이공원,127.056782,37.53962218
샘  터,어린이공원,127.0833,37.57303
코오롱하늘채앞소공원,소공원,127.0864508,37.57196989
자양공원,어린이공원,127.061065,37.533555
가중나무공원,어린이공원,127.0677058,37.54651806
한아름공원,어린이공원,127.0704694,37.544337
해님공원,어린이공원,127.0670234,37.542693
화양동정자마당공원,소공원,127.063046,37.546504
남일공원,어린이공원,127.064935,37.555947
군자공원,어린이공원,127.0728509,37.55456506
홍련산의,소공원,127.088595,37.54593706
능동소공원,소공원,127.0829302,37.5525072
한마음공원,어린이공원,127.075261,37.559563
긴고랑공원,어린이공원,127.0910182,37.5588785
능동정자마당공원,소공원,127.070549,37.553395
푸른동산공원,어린이공원,127.0911934,37.54290187
구둘공원,어린이공원,127.0921729,37.548121
온달공원,어린이공원,127.1040746,37.54598705
평강공원,어린이공원,127.1005786,37.54811643
약초원공원,어린이공원,127.057631,37.532914
중곡공원,어린이공원,127.0791404,37.564536
배나무터공원,어린이공원,127.0802718,37.56833955
해오름공원,어린이공원,127.0921836,37.55678368
보림,어린이공원,127.0611988,37.59222758
천장,어린이공원,127.0538436,37.59889444
벌집,어린이공원,127.038799,37.599625
일신,어린이공원,127.038799,37.599625
종암,어린이공원,127.037198,37.600081
미 아,어린이공원,127.037587,37.615502
오 현,어린이공원,127.046488,37.623976
돌이음,소공원,127.052577,37.6093012
상길례,문화공원,127.0431887,37.6196908
잔월,소공원,127.041001,37.604178
한  내,근린공원,127.0687815,37.62358838
돌곶이,어린이공원,127.0613566,37.61992005
벼  루,어린이공원,127.0565444,37.6192413
소곶네,어린이공원,127.0614029,37.62101562
연천내,어린이공원,127.061115,37.62238165
월  계,어린이공원,127.0606867,37.62070966
성북역,기타,127.0591889,37.6231539
우남아파트 앞,기타,127.0673697,37.61555238
석계역 굴다리,기타,127.063579,37.614357
월계 현대아파트앞,기타,127.0625369,37.61722367
석계역문화공원,기타,127.0645511,37.6149593
벼루,소공원,127.0531754,37.6220035
밤골,어린이공원,127.039921,37.607541
햇살,어린이공원,127.048602,37.605878
향기,어린이공원,127.045461,37.60920187
동방,어린이공원,127.043486,37.616598
샛별,어린이공원,127.064186,37.614016
돌뫼,어린이공원,127.052698,37.605054
맑은숲,어린이공원,127.0463288,37.62144056
화랑,어린이공원,127.054559,37.608453
오동,근린공원,127.0406998,37.61087062
청량,근린공원,127.056385,37.604661
숙지공원,근린공원,126.9970726,37.28444541
"팔달공원(장안공원, 팔달공원, 화서공원)",근린공원,127.0100307,37.27823573
예술공원,근린공원,127.0364507,37.25939225
효원공원,근린공원,127.0361837,37.26220584
청소년문화공원,근린공원,127.0341532,37.27128534
종루공원,근린공원,127.0169524,37.28156226
3호역사공원,근린공원,127.0149731,37.28253808
매탄,근린공원,127.0454804,37.26713341
매봉,근린공원,127.0550597,37.26961594
청명,근린공원,127.0830811,37.26747912
황골,근린공원,127.0785929,37.26631944
영통사,근린공원,127.0780384,37.25783542
영통중앙,근린공원,127.0720587,37.25718685
반달,근린공원,127.0788585,37.25087449
살구골,근린공원,127.0716869,37.25066343
69호소공원,소공원,127.0234315,37.23643918
70호소공원,소공원,127.0232017,37.23677441
71호소공원,소공원,127.0200968,37.24035394
49호소공원,소공원,127.0217246,37.28304593
66호소공원,소공원,127.0183069,37.27831604
67호소공원,소공원,127.0162903,37.28609837
73호소공원,소공원,127.0240013,37.28273023
10호소공원,소공원,127.0636435,37.23940506
17호소공원,소공원,127.0622548,37.24416214
19호소공원,소공원,127.0627092,37.24357199
소꼽놀이,어린이공원,127.0696889,37.29348217
신호등,어린이공원,127.0703144,37.29185633
고래등,어린이공원,127.0436077,37.29786649
틴틴,어린이공원,127.0485014,37.28900919
동그라미,어린이공원,127.0429386,37.24783014
송원공원,소공원,127.0113072,37.30770969
60호소공원,소공원,126.9980646,37.29751049
61호소공원,소공원,127.0034947,37.299249
28호소공원,소공원,127.0263834,37.24752142
29호소공원,소공원,127.0209376,37.24890291
54호소공원,소공원,126.9970876,37.26181907
55호소공원,소공원,126.9995338,37.2628193
64호소공원,소공원,127.0046942,37.26174994
푸름,어린이공원,127.0477359,37.2625946
수정,어린이공원,127.0800835,37.25175741
으뜸,어린이공원,127.0774793,37.24911008
풀잎,어린이공원,127.0696446,37.24851981
보리수,어린이공원,127.0645841,37.24820235
솔찬,어린이공원,127.0648136,37.25296695
박지성,어린이공원,127.0660942,37.24989846
한울,어린이공원,127.0608564,37.24923873
미리내,어린이공원,127.0686122,37.24541766
매화,어린이공원,127.046066,37.26019488
매여울,어린이공원,127.0430012,37.25833791
풀샘,어린이공원,127.0423161,37.25523334
그린나래,어린이공원,127.0415066,37.25500972
샘말,어린이공원,127.053579,37.24194378
방죽,어린이공원,127.0552753,37.23979543
소담,어린이공원,127.0555283,37.238967
소문,어린이공원,127.0573732,37.23989122
온누리,어린이공원,127.059446,37.2387693
수련,어린이공원,127.0644981,37.24245373
당암,어린이공원,127.0608294,37.24372795
우주,어린이공원,127.0632755,37.24148487
숲속부엉이,어린이공원,127.0654118,37.24084216
망포,어린이공원,127.0557945,37.2447432
다람쥐,어린이공원,127.0461757,37.29954505
물봉선,어린이공원,127.053864,37.29409232
붐붐,어린이공원,127.0525412,37.28607368
꿈틀이,어린이공원,127.0501627,37.27730219
동물놀이,어린이공원,127.0527947,37.27443574
장고개,어린이공원,127.0404484,37.2786827
교동,어린이공원,127.012064,37.27174738
약수터,어린이공원,127.0038746,37.28288479
푸른숲,어린이공원,127.0005929,37.28167785
힘찬,어린이공원,127.000645,37.28176396
색동,어린이공원,127.0349365,37.26819634
인도래,어린이공원,127.0338052,37.26949417
매화,어린이공원,127.040516,37.27008315
참새,어린이공원,127.0404504,37.25704329
혜성,어린이공원,127.0379939,37.25488673
무지개,어린이공원,127.0450275,37.2730117
미래,어린이공원,127.0473854,37.27168445
산남,어린이공원,127.0504251,37.27170482
옹달샘,어린이공원,127.0470885,37.26557551
산샘,어린이공원,127.0482123,37.26714647
마루터기,어린이공원,127.0487029,37.26385648
먼내,어린이공원,127.0576438,37.26957867
우정,어린이공원,127.0537351,37.27137178
매미,어린이공원,127.0516753,37.26649986
효원,어린이공원,127.0415354,37.26223292
교통,어린이공원,127.0573662,37.26630262
솔빛,어린이공원,127.058579,37.26713882
해오름,어린이공원,127.0813304,37.26491233
달래,어린이공원,127.0830516,37.26663771
미로,어린이공원,127.0781262,37.26185806
달님,어린이공원,127.084262,37.26287338
푸른,어린이공원,127.0739487,37.25905057
단오,어린이공원,127.0766658,37.25601981
아낌없이주는나무,어린이공원,127.0278678,37.28716691
당산,어린이공원,127.0320989,37.28706853
못골,어린이공원,127.027695,37.2834799
청록,어린이공원,127.0321865,37.28091621
반달,어린이공원,127.024921,37.26967298
드라마센터,어린이공원,127.0292686,37.27019098
미소,어린이공원,127.0305692,37.27465621
소만,어린이공원,127.0322859,37.29189804
작은새,어린이공원,127.0358679,37.29237997
샛별,어린이공원,127.0051463,37.27939952
고등,어린이공원,127.0069136,37.27058365
나래,어린이공원,127.0048438,37.27509616
화서오거리,어린이공원,126.9997294,37.27966634
동말,어린이공원,126.9969782,37.27712897
솔밭산,어린이공원,127.0434517,37.27767607
별빛,어린이공원,127.033795,37.24810467
한주,어린이공원,127.0135175,37.25414446
장교둑,어린이공원,127.0188716,37.2591911
고래의모험,어린이공원,127.0090813,37.25248056
무지개,어린이공원,127.0252778,37.25774671
상상나래,어린이공원,127.0241313,37.25389769
꿈나무,어린이공원,127.0265616,37.25404854
물결,어린이공원,127.0083922,37.26546203
곡반정,어린이공원,127.0310741,37.24116251
신아,어린이공원,127.0299682,37.23740723
오누이,어린이공원,127.0254139,37.2335338
하늘이랑,어린이공원,127.0210479,37.24006544
꿈이랑,어린이공원,127.018037,37.24216717
물이랑,어린이공원,127.0275409,37.24422333
효정,어린이공원,127.0333658,37.25500553
꽃잎,어린이공원,127.0321056,37.24983749
선일,어린이공원,127.0304415,37.24865576
다솜,어린이공원,127.0284402,37.24982041
우솔,어린이공원,127.0287838,37.25234325
권선,어린이공원,127.0230507,37.25347243
아우름,어린이공원,127.0275798,37.25206241
다정,어린이공원,127.0222966,37.25271498
버드내,어린이공원,127.0096088,37.25735256
명당,어린이공원,127.0398483,37.25258873
온수골,어린이공원,127.0364484,37.25190143
상록,어린이공원,127.0378542,37.25002682
산들,어린이공원,127.0369156,37.24843407
두견,어린이공원,126.9974648,37.29150236
거북,어린이공원,127.0148778,37.29306205
기차놀이,어린이공원,127.0079948,37.2598756
장대산,어린이공원,127.0212921,37.25903418
전원,어린이공원,127.0223372,37.25539377
문화,어린이공원,127.0173046,37.25265544
중앙,어린이공원,127.0227361,37.26240021
신곡,어린이공원,127.0163291,37.24498949
재간령,어린이공원,127.0143373,37.24951633
장승배기,어린이공원,127.0179275,37.25592118
용화출,어린이공원,127.0339841,37.25632088
안용,어린이공원,127.0322652,37.24340039
솔밭,어린이공원,127.0383294,37.25368851
소정,어린이공원,126.9990299,37.30558378
송죽,어린이공원,127.0033486,37.30222909
석산,어린이공원,127.0156152,37.3030995
다람쥐,어린이공원,127.0141348,37.30016231
역마,어린이공원,127.0163697,37.29686206
연무,어린이공원,127.0301403,37.2961515
창훈,어린이공원,127.0274999,37.29437818
쪽박산,어린이공원,127.0237829,37.29318313
일림,어린이공원,127.001409,37.30864072
정자,어린이공원,127.0025669,37.29552819
영화,어린이공원,127.0099231,37.29132609
영복,어린이공원,127.0027517,37.28922453
대추원,어린이공원,127.0151755,37.30451968
조원,어린이공원,127.0172351,37.30370117
금당,어린이공원,127.0178064,37.30439047
벽적골,근린공원,127.0618933,37.24867774
교통,근린공원,127.0627739,37.24539567
매화,근린공원,127.0490793,37.2619489
머내생태,근린공원,127.0489515,37.25949091
매여울,근린공원,127.0438285,37.25697937
선주리들,근린공원,127.0439958,37.25604619
열림,근린공원,127.0431528,37.30555736
성죽,근린공원,127.0475039,37.30947394
솔내,근린공원,127.0510224,37.30809569
연암,근린공원,127.0394319,37.29276808
망포,근린공원,127.0576953,37.24246445
광교중앙,근린공원,127.0608158,37.29407814
다산,근린공원,127.0546914,37.29037967
혜령,근린공원,127.0452351,37.28826802
사색,근린공원,127.0551993,37.2816718
텃밭,근린공원,127.0640506,37.27302817
번암가족,근린공원,127.0849947,37.29696819
71호근린공원,근린공원,127.0393048,37.28401494
광교호수공원,근린공원,127.0652651,37.27499276
방죽,근린공원,127.0514803,37.24470146
지성,근린공원,127.0463235,37.23882922
역사공원,근린공원,127.0514205,37.29634961
신동수변공원,근린공원,127.0404663,37.24740815
청명산공원,근린공원,127.0828044,37.25821515
글빛누리공원,근린공원,127.0444662,37.24070726
장우,어린이공원,126.9966882,37.30731373
광교,근린공원,127.0312636,37.30150454
퉁소바위,근린공원,127.0316253,37.29797842
마중공원,근린공원,127.0189065,37.23994686
한림문화공원,근린공원,127.0250249,37.23760102
10호문화공원,근린공원,127.0312278,37.25298417
11호문화공원,근린공원,127.0312257,37.25298444
세류문화공원,근린공원,127.0073121,37.25804381
권선중앙,근린공원,127.0310151,37.25115331
권선,근린공원,127.0234851,37.24950072
권선늘푸른,근린공원,127.0400804,37.24800774
고렴,근린공원,127.0291174,37.24070167
새싹문화공원,근린공원,127.0080955,37.30660898
올림픽,근린공원,127.0285798,37.26147267
만석,근린공원,127.0042635,37.30064243
무학봉공원,근린공원,127.0245747,37.56223381
배봉산,근린공원,127.0675943,37.58121225
우산각,어린이공원,127.0241852,37.57385655
장안,근린공원,127.0709026,37.57716529
홍릉,근린공원,127.0435376,37.58958379
왕십리 KCC스위첸,소공원,127.0256129,37.56067856
뉴타운2구역,기타,127.0258323,37.56909044
뉴타운1구역,기타,127.0260049,37.56898115
청계꿈나무,어린이공원,127.0278905,37.56781934
견우,어린이공원,127.0249018,37.56639103
직녀,어린이공원,127.0278177,37.5667467
서마장,어린이공원,127.0373468,37.5716811
미소,어린이공원,127.023383,37.5600303
보람,어린이공원,127.0387561,37.56613727
도선,어린이공원,127.031418,37.56550468
꽃재,어린이공원,127.0283644,37.56742414
무학봉,근린공원,127.0261455,37.56245341
용답휴식,근린공원,127.0478008,37.56977172
동마장,어린이공원,127.0456969,37.56622804
사근,어린이공원,127.047606,37.563417
마장,어린이공원,127.0413516,37.56213371
상  리,어린이공원,127.0739,37.5919
봉  화,어린이공원,127.0774,37.59811
중화리,어린이공원,127.0774,37.59811
초  롱,어린이공원,127.0728,37.5957
세  화,어린이공원,127.0738,37.59918
송  계,어린이공원,127.0779,37.5845
한  신,어린이공원,127.0769,37.58813
배  꽃,어린이공원,127.075,37.60415
압구정목련공원,어린이공원,127.0322088,37.53268534
압구정은행나무공원,어린이공원,127.022677,37.530689
압구정 428,근린공원,127.021936,37.527425
갈매기근린공원,근린공원,127.030123,37.531496
동화공원,어린이공원,127.020459,37.560464
황학공원,어린이공원,127.0180129,37.5674949
다산공원,어린이공원,127.018843,37.564103
꿈누리공원,어린이공원,127.018116,37.560344
동부,소공원,127.0474356,37.54498994
향림,소공원,127.0533154,37.54677141
금옥,소공원,127.0211798,37.55344443
금남,소공원,127.0217784,37.54929072
푸른,어린이공원,127.0235968,37.54710995
트리마제,소공원,127.0444788,37.53923821
하왕1-5구역,소공원,127.0247665,37.55946239
행당4구역,소공원,127.0320798,37.5555693
응삼,어린이공원,127.035106,37.55465746
상원,어린이공원,127.0473523,37.54746321
무지개,어린이공원,127.0530064,37.54183407
도장골,소공원,127.0270878,37.55475417
살구골,어린이공원,127.0335764,37.55573009
금동,어린이공원,127.0255865,37.54967964
논골새싹,어린이공원,127.0250458,37.55701613
전관원,어린이공원,127.0399269,37.55423246
달맞이,근린공원,127.0209563,37.5431911
성수,근린공원,127.0521316,37.54487533
성원,어린이공원,127.0500021,37.55011556
응봉새말,어린이공원,127.035857,37.551699
은행나무터,어린이공원,127.0536131,37.54371238
응봉개나리,어린이공원,127.0319544,37.54850228
약초원공원,소공원,127.054402,37.533371
성화공원,어린이공원,127.053077,37.536177
탑골공원,근린공원,126.9880601,37.570612
저동1공원,소공원,126.989627,37.565975
저동2공원,소공원,126.9888396,37.56525562
쌍림동공원,소공원,127.002671,37.563911
훈련원공원,근린공원,127.0043893,37.56692913
묵정공원,어린이공원,127.0006655,37.56355885
쌍림공원,어린이공원,127.005037,37.56446028
장  미,어린이공원,126.991324,37.560492
동묘공원,역사공원,127.018284,37.573162
연지공원,근린공원,127.000795,37.575758
흥인지문공원,근린공원,127.008919,37.572637
연지1공원,어린이공원,127.001063,37.574379
봉  황,어린이공원,127.0848,37.59502
상  봉,어린이공원,127.0825,37.59309
본  동,어린이공원,127.0858,37.6011
등나무,어린이공원,127.0966,37.5977
갓바위,어린이공원,127.1033,37.59903
열  매,어린이공원,127.081,37.58865
사  랑,어린이공원,127.0819,37.58564
남  촌,어린이공원,127.0913,37.58564
햇  살,어린이공원,127.0832,37.58989
까  치,어린이공원,127.0872,37.5835
소  파,어린이공원,127.0957,37.58928
섬  들,어린이공원,127.0925,37.59145
이  화,어린이공원,127.1003,37.58699
꽃동산,어린이공원,127.0991,37.59121
달동산,어린이공원,127.0952,37.59217
샛  별,어린이공원,127.1008,37.59336
햇  님,어린이공원,127.0953,37.59357
망우동,어린이공원,127.1065,37.60126
면  목,어린이공원,127.0859,37.5895
양  지,어린이공원,127.0891,37.5903
겸  재,어린이공원,127.0932,37.58794
오거리,어린이공원,127.0844,37.57707
새  싹,어린이공원,127.081315,37.582683
용마도시자연공원,도시농업공원,127.1078998,37.58411925
방  죽,어린이공원,127.1027,37.60238
신내어울공원,근린공원,127.0974178,37.61163479
공릉동,근린공원,127.0863497,37.62069727
신내공원,근린공원,127.0892086,37.61374917
봉화산근린공원,근린공원,127.0841101,37.60823987
옹달샘,어린이공원,127.080912,37.62076239
개  미,어린이공원,127.0779947,37.62069588
별  빛,어린이공원,127.0725563,37.619274
소  망,어린이공원,127.0749,37.61109
먹  골,어린이공원,127.0791,37.61143
능산공원,근린공원,127.0974178,37.61163479
구릉공원,근린공원,127.0961,37.61033
능말공원,근린공원,127.1070691,37.61535601
배말공원,근린공원,127.1123054,37.61401402
원  묵,어린이공원,127.0848,37.61671
서  당,어린이공원,127.0881,37.61703
은하수,어린이공원,127.0912,37.61562
안  골,어린이공원,127.0978,37.60449
한아름,어린이공원,127.0941,37.61324
꽃피울,어린이공원,127.099845,37.60835
신  현,어린이공원,127.0897,37.60343
공릉가로공원,기타,127.076266,37.61768123
"우체국 옆(엠코, 태릉입구 5번 출구)",기타,127.075912,37.6182161
묵  동,어린이공원,127.078524,37.612574
묵동소공원,소공원,127.078098,37.615572
묵1동소공원,소공원,127.077666,37.611736
학동공원,어린이공원,127.0387639,37.511646
신사은행나무공원,어린이공원,127.021627,37.521114
신사개나리공원,어린이공원,127.027304,37.526208
삼성목련공원,어린이공원,127.045196,37.518515
삼성까치공원,어린이공원,127.051865,37.518324
청담은행나무공원,어린이공원,127.0442417,37.525154
청담목련공원,어린이공원,127.041076,37.522979
배꽃근린공원,근린공원,127.040299,37.516663
샘터근린공원,근린공원,127.060169,37.514379
봉은역사공원,역사공원,127.046723,37.513888
역삼문화공원,문화공원,127.025932,37.502655
논현까치공원,어린이공원,127.020792,37.509026
논현개나리공원,어린이공원,127.0300758,37.51122564
논현무궁화공원,어린이공원,127.021935,37.506648
논현소나무공원,어린이공원,127.035281,37.515685
청수근린공원,근린공원,127.049676,37.523249
청담근린공원,근린공원,127.035334,37.520727
학동근린공원,근린공원,127.0251861,37.515548
삼성은행나무근린공원,근린공원,127.036994,37.516489
도산근린공원,근린공원,127.0356032,37.523911
신사근린공원,근린공원,127.021458,37.526708
미  도,어린이공원,127.020397,37.503268
명  달,근린공원,127.021114,37.499011
역삼까치공원,어린이공원,127.021971,37.497225
역삼소나무공원,어린이공원,127.024931,37.490961
원지,어린이공원,127.055803,37.454441
큰마을,소공원,127.016442,37.465521
솔말,소공원,127.016442,37.462524
우면,수변공원,127.016442,37.465212
교  대,어린이공원,127.011667,37.494444
동  문,어린이공원,127.026745,37.472658
효  자,어린이공원,127.0244176,37.4734814
능안,어린이공원,127.065671,37.454423
새싹,어린이공원,127.017427,37.487687
섶다리,어린이공원,127.016442,37.465522
샛말,어린이공원,127.016442,37.462521
궁  현,어린이공원,127.010358,37.488406
당  골,어린이공원,127.022497,37.485421
암산,어린이공원,127.025606,37.473186
성형촌,어린이공원,127.019774,37.466827
식유촌,어린이공원,127.013279,37.458785
원터,어린이공원,127.055235,37.443583
청계숲,어린이공원,127.0579927,37.447445
새쟁이,어린이공원,127.068669,37.435533
홍씨마을,어린이공원,127.065666,37.455311
태봉,근린공원,127.016712,37.466158
섬들,근린공원,127.016743,37.466518
망루,근린공원,127.016712,37.466518
송동,근린공원,127.016714,37.468618
예  술,어린이공원,127.0146591,37.4832661
신  중,어린이공원,127.010705,37.482283
장  안,어린이공원,127.011389,37.491667
마산말,어린이공원,127.026684,37.487135
분토골,어린이공원,127.017445,37.488326
인왕산공원,근린공원,126.963713,37.583336
달바위공원,소공원,126.965838,37.570172
솔빛공원,소공원,126.965774,37.569973
소담공원,소공원,126.961564,37.572146
부암튼튼공원,소공원,126.964166,37.592305
의주공원,소공원,126.960267,37.573679
무악공원,어린이공원,126.960547,37.577525
옥인공원,어린이공원,126.962407,37.582545
인왕공원,어린이공원,126.956975,37.577468
사직공원,근린공원,126.967746,37.576561
월암공원,근린공원,126.965634,37.571311
테크노근린공원,근린공원,126.950593,37.577985
덕의근린공원,근린공원,126.950593,37.577985
온수근린공원,근린공원,126.963169,37.571952
윗잔다리어린이공원,어린이공원,126.9256552,37.55701305
동교어린이공원,어린이공원,126.9234345,37.560087
느티나무어린이공원,어린이공원,126.918761,37.55950711
은행나무어린이공원,어린이공원,126.9224169,37.56462924
다솜어린이공원,어린이공원,126.9154619,37.5622309
뒤뜰어린이공원,어린이공원,126.909348,37.563154
외주목어린이공원,어린이공원,126.907695,37.562772
성메어린이공원,어린이공원,126.914754,37.568088
성황당어린이공원,어린이공원,126.907334,37.568996
큰길어린이공원,어린이공원,126.908231,37.56775
쌍둥이어린이공원,어린이공원,126.906759,37.56573
성사천어린이공원,어린이공원,126.904856,37.565334
중동소어린이공원,어린이공원,126.9067005,37.570632
중동어린이공원,어린이공원,126.910444,37.568444
샘터어린이공원,어린이공원,126.906734,37.56987
개나리어린이공원,어린이공원,126.909184,37.569866
성산공원,근린공원,126.909591,37.562015
샛터공원,근린공원,126.906012,37.566233
모래내어린이공원,어린이공원,126.913955,37.57202956
가재울어린이공원,어린이공원,126.9192627,37.57331723
북아현어린이공원,어린이공원,126.9517607,37.55849107
한성어린이공원,어린이공원,126.955252,37.55900376
너른바위어린이공원,어린이공원,126.9522503,37.55832008
복주산근린공원,근린공원,126.9551252,37.56181347
아현역소공원,소공원,126.9559516,37.55768632
바람산어린이공원,어린이공원,126.940192,37.558263
독립근린공원,근린공원,126.9556111,37.57460779
창천근린공원,근린공원,126.940528,37.557916
홍제근린공원,근린공원,126.952997,37.594742
독립문어린이공원,어린이공원,126.960378,37.571549
연서어린이공원,어린이공원,126.923258,37.572082
홍은동어린이공원,어린이공원,126.950296,37.601593
중앙근린공원,근린공원,126.913255,37.575022
솟대어린이공원,어린이공원,126.912994,37.572759
나비울어린이공원,어린이공원,126.909632,37.574799
한울소공원,소공원,126.9165627,37.57089843
궁동근린공원,근린공원,126.9195783,37.5687539
명수어린이공원,어린이공원,126.950691,37.560086
대현문화공원,문화공원,126.945455,37.557667
동구물어린이공원,어린이공원,126.928045,37.571323
궁뜰어린이공원,어린이공원,126.930386,37.568975
궁말어린이공원,어린이공원,126.933593,37.571041
대궐재어린이공원,어린이공원,126.937078,37.574059
연희어린이공원,어린이공원,126.921481,37.567723
창천문화공원,문화공원,126.935161,37.5568595
새마을공원,어린이공원,126.964642,37.606448
서린공원,소공원,126.980784,37.569989
경희궁공원,역사공원,126.970374,37.57050028
수송공원,근린공원,126.981143,37.573998
청진공원,근린공원,126.979819,37.571415
내수어울공원,근린공원,126.970542,37.573911
내수공원,근린공원,126.971637,37.572497
후창공원,소공원,126.964365,37.610258
참샘골공원,어린이공원,126.974498,37.614801
감나무골공원,어린이공원,126.970377,37.612876
노고산소공원,소공원,126.934783,37.554664
복자기소공원,소공원,126.936606,37.545831
상수나루소공원,소공원,126.926341,37.545914
상수소공원,소공원,126.927148,37.545877
산사나무소공원,소공원,126.896318,37.57522
현석소공원,소공원,126.934305,37.542863
무쇠막소공원,소공원,126.934154,37.552568
밤섬문화공원,문화공원,126.93184,37.54279
서강나루문화공원,문화공원,126.930993,37.545245
당인동문화공원,문화공원,126.920097,37.545333
홍익문화공원,문화공원,126.9229711,37.5521432
양화진역사공원,역사공원,126.911199,37.545496
외국인묘지공원,묘지공원,126.911274,37.546644
애오개어린이공원,어린이공원,126.957944,37.55514
망원어린이공원,어린이공원,126.9042984,37.5520894
광흥창어린이공원,어린이공원,126.930847,37.549462
신수어린이공원,어린이공원,126.933798,37.550357
서교어린이공원,어린이공원,126.915455,37.55202007
잔다리어린이공원,어린이공원,126.912702,37.554569
합정어린이공원,어린이공원,126.913019,37.551803
양화어린이공원,어린이공원,126.9084445,37.55035465
한마음어린이공원,어린이공원,126.9080164,37.55468956
옹달샘어린이공원,어린이공원,126.902013,37.55485
두리어린이공원,어린이공원,126.901229,37.560124
망원새싹어린이공원,어린이공원,126.898507,37.559039
새누리어린이공원,어린이공원,126.898158,37.575462
매봉산공원,근린공원,126.892089,37.572886
현석어린이공원,어린이공원,126.933312,37.544319
창전어린이공원,어린이공원,126.929106,37.550165
와우어린이공원,어린이공원,126.925367,37.54883125
부엉바위어린이공원,어린이공원,126.892436,37.575369
귀리어린이공원,어린이공원,126.880724,37.581414
꽃담 소공원,소공원,126.900161,37.531174
당산역 소공원,소공원,126.900642,37.533517
새말소공원,소공원,126.900527,37.528901
이음소공원,소공원,126.902501,37.527656
당산나루소공원,소공원,126.9001276,37.53281392
(가칭)당산4구역 소공원,소공원,126.903737,37.528846
강마을어린이공원,어린이공원,126.906681,37.532972
양평어린이공원,어린이공원,126.898077,37.538015
실개울공원,근린공원,126.9469602,37.27160018
물빛찬공원,근린공원,126.9510638,37.27212465
어울림공원,근린공원,126.9562307,37.27313471
어울림공원,근린공원,126.956803,37.27203474
물향기공원,근린공원,126.9523898,37.26342721
물다미공원,근린공원,126.951423,37.25920994
서호공원,근린공원,126.9887875,37.27815566
황새말공원,근린공원,126.9811454,37.286279
서호꽃뫼공원,근린공원,126.9867613,37.28420801
실개울공원,근린공원,126.9470176,37.27201366
80호소공원,소공원,126.9935356,37.2700182
81호소공원,소공원,126.9943135,37.26979301
16호소공원,소공원,126.9944429,37.28387226
9호소공원,소공원,126.9666779,37.29817912
12호소공원,소공원,126.9941201,37.2607745
18호소공원,소공원,126.9660837,37.24576787
20호소공원,소공원,126.9556155,37.27631696
21호소공원,소공원,126.9574042,37.27152408
22호소공원,소공원,126.9463131,37.26706122
34호소공원,소공원,126.9605195,37.25624349
35호소공원,소공원,126.9435766,37.27791929
36호소공원,소공원,126.9573745,37.26011688
51호소공원,소공원,126.9953057,37.26394128
62호소공원,소공원,126.9422457,37.27251241
63호소공원,소공원,126.9435566,37.26854125
64호소공원,소공원,126.9582252,37.27118558
두물맞이공원,근린공원,126.9411219,37.26920956
산마루,어린이공원,126.9876586,37.28604145
고금,어린이공원,126.9742589,37.23393782
고사,어린이공원,126.9774257,37.23304652
씽씽어린이공원,어린이공원,126.9887757,37.2568351
버들,어린이공원,126.9829531,37.28951887
백로,어린이공원,126.9817406,37.28578118
양지말,어린이공원,126.9847311,37.28595461
선재미,어린이공원,126.9890251,37.28751929
쪽빛,어린이공원,126.9909966,37.28592281
개구쟁이,어린이공원,126.9915651,37.28474429
숙지,어린이공원,126.9925305,37.28337838
네버랜드,어린이공원,126.9925868,37.28135952
고색,어린이공원,126.9789277,37.24694221
풀잎,어린이공원,126.9518662,37.27833743
벌터,어린이공원,126.9908188,37.26367431
서낭재,어린이공원,126.9782804,37.2730705
오목천,어린이공원,126.9636059,37.24213772
오색,어린이공원,126.9674764,37.24674139
한터,어린이공원,126.9961442,37.26787345
여우별,어린이공원,126.9681128,37.24502597
크레파스,어린이공원,126.9372468,37.27486698
물방울,어린이공원,126.9422609,37.27035712
우주선,어린이공원,126.9545015,37.27625887
숲속,어린이공원,126.9548565,37.2708023
해누리,어린이공원,126.9541034,37.30047863
별누리,어린이공원,126.9534509,37.29784735
벌말,어린이공원,126.9959492,37.26004398
까치,어린이공원,126.9358111,37.29256983
갓띠,어린이공원,126.9594655,37.29619165
다온,어린이공원,126.9763281,37.28432415
꽃길,어린이공원,126.9735142,37.28244578
세모,어린이공원,126.972381,37.28530362
드림,어린이공원,126.9703666,37.28051321
하늬,어린이공원,126.9723015,37.28067947
별솔,어린이공원,126.9763082,37.27600935
사랑,어린이공원,126.9718878,37.27714009
탑마루,어린이공원,126.9753258,37.27362319
푸른지대,어린이공원,126.9732388,37.27024924
탑골,어린이공원,126.9764008,37.26817391
백설,어린이공원,126.9911147,37.29513422
꽃뫼,어린이공원,126.9920965,37.29287891
명인,어린이공원,126.9955839,37.29497112
동신,어린이공원,126.9901113,37.29483221
화산,어린이공원,126.9805545,37.29115659
정천,어린이공원,126.9805545,37.29115659
율전,어린이공원,126.9642525,37.29917849
세곡,어린이공원,126.972381,37.28530362
은하수,어린이공원,126.9734779,37.27982195
하구운,어린이공원,126.9728353,37.27633658
칙칙폭폭,어린이공원,126.9763082,37.27600935
별,어린이공원,126.9776435,37.30267863
달,어린이공원,126.9785128,37.30269384
바람,어린이공원,126.9819739,37.30115977
샘터,어린이공원,126.9792424,37.29941167
천천,어린이공원,126.9818185,37.29916341
초록,어린이공원,126.9870001,37.29693844
비단,어린이공원,126.9833844,37.29751654
청솔,어린이공원,126.9844114,37.29385892
솔뫼,어린이공원,126.9869171,37.2934661
연꽃,어린이공원,126.9946448,37.29922235
대평,어린이공원,126.9889194,37.29674446
샘내,근린공원,126.9819051,37.29576471
일월,근린공원,126.9702049,37.29012545
물빛찬공원,근린공원,126.9515452,37.27261389
물새공원,근린공원,126.9457878,37.27638495
두레뜰공원,근린공원,126.9436982,37.2721635
두물맞이공원,근린공원,126.9405324,37.27087887
두물맞이공원,근린공원,126.9410651,37.26973212
산울림공원,근린공원,126.9381876,37.27700835
가온공원,근린공원,126.9489339,37.27254431
호매실공원,근린공원,126.9489032,37.2713297
매화공원,근린공원,126.9495588,37.26887554
바람소리공원,근린공원,126.9457828,37.27705532
사랑뜰공원,근린공원,126.9585584,37.26389808
사랑뜰공원,근린공원,126.9624048,37.26492402
대부둑공원,근린공원,126.9694069,37.25572712
105호 근린공원,근린공원,126.975926,37.23582137
배다리공원,근린공원,126.9850965,37.24029343
고색체육공원,근린공원,126.9782807,37.24370905
오목천체육공원,근린공원,126.970053,37.24740064
당수체육공원,근린공원,126.9433637,37.29290085
1호체육공원,근린공원,126.9483114,37.27629039
글모둠문화공원,근린공원,126.9579934,37.26641239
누리문화공원,근린공원,126.9450191,37.27647038
권선1문화공원,근린공원,126.972198,37.25532774
14호문화공원,근린공원,126.9923985,37.25854801
15호문화공원,근린공원,126.9934722,37.2589472
달누리,근린공원,126.9517346,37.30076962
7호수변공원,근린공원,126.9914515,37.25907052
오목천,근린공원,126.973141,37.24105541
탑동,근린공원,126.9720697,37.27311789
오목호수공원,근린공원,126.9648203,37.24815347
은하수공원,근린공원,126.9936415,37.25632198
솔대,근린공원,126.9817029,37.23641486
고색중보들,근린공원,126.9875112,37.25004662
들바람,근린공원,126.9783163,37.24072849
천천3,근린공원,126.986498,37.29073825
여기산,근린공원,126.9799827,37.28081077
구운,근린공원,126.976192,37.27849556
정자,근린공원,126.9883063,37.29766409
39호소공원,소공원,126.9861749,37.31420367
40호소공원,소공원,126.9868638,37.31068076
해드림,어린이공원,126.9830698,37.31218176
해늘찬,어린이공원,126.9846442,37.31414983
노루말,어린이공원,126.9823575,37.30949297
오리뜰,어린이공원,126.983509,37.30544929
하늘,어린이공원,126.9756949,37.30368551
세일,어린이공원,126.9907275,37.31001292
노송,근린공원,126.9873932,37.31448315
밤밭청개구리,근린공원,126.9705906,37.30745789
지지대공원,근린공원,126.9859463,37.32506692
효행공원,근린공원,126.9881266,37.32160359
밤밭,근린공원,126.964289,37.30391689
정자문화공원,근린공원,126.9864004,37.3095764
104호수변공원,근린공원,126.982227,37.31278844
흐리목,소공원,126.952962,37.494617
해밀,어린이공원,126.974311,37.488467
칸나,소공원,126.9043083,37.48562691
새빛,소공원,126.9744112,37.48733571
삼일,근린공원,126.966736,37.483419
은하수,어린이공원,126.912513,37.494528
장미,어린이공원,126.936031,37.493815
노루,어린이공원,126.974169,37.481981
새싹,어린이공원,126.973124,37.479905
꿈돌이,어린이공원,126.970034,37.480474
동산,어린이공원,126.969571,37.479616
토끼,어린이공원,126.970241,37.478284
양지,어린이공원,126.974021,37.480071
샛별,어린이공원,126.965354,37.487568
반달,어린이공원,126.967932,37.483714
늘푸른,어린이공원,126.969174,37.482608
개나리,어린이공원,126.965684,37.486354
청명,어린이공원,126.907983,37.487572
해당화,어린이공원,126.905905,37.486987
남성,소공원,126.972026,37.484811
상도,근린공원,126.9384079,37.49321807
현충,근린공원,126.9757312,37.48538566
방배동,근린공원,126.958523,37.474689
청  두,어린이공원,126.958524,37.480246
무지개,어린이공원,126.9009392,37.46282267
푸른골,어린이공원,126.903303,37.466546
금천폭포공원,근린공원,126.9044447,37.44639673
독산자연공원,근린공원,126.907326,37.473526
삼성산시민휴식공원,근린공원,126.910204,37.454747
별장길,어린이공원,126.908596,37.448147
은행,어린이공원,126.906993,37.452119
느티나무,어린이공원,126.906735,37.456225
송록,어린이공원,126.906169,37.461247
효봉,어린이공원,126.910507,37.460754
신흥,어린이공원,126.907849,37.459874
장미,어린이공원,126.912238,37.461586
산장,어린이공원,126.912588,37.460931
까치,어린이공원,126.905003,37.439645
비둘기,어린이공원,126.906264,37.441597
꾸러기,어린이공원,126.905877,37.443219
중앙,어린이공원,126.9005113,37.44561107
풍림,어린이공원,126.9012021,37.44783408
부장천,어린이공원,126.9044062,37.45266794
해태,어린이공원,126.901866,37.457773
새재미,어린이공원,126.904239,37.459026
남서울,어린이공원,126.902123,37.448336
소망,어린이공원,126.9016706,37.46936829
쌈지,어린이공원,126.904015,37.470894
옥계,어린이공원,126.900302,37.460149
박미사랑,소공원,126.904519,37.437907
목화,어린이공원,126.907262,37.477455
꿈나무,어린이공원,126.9049179,37.46351982
정훈,어린이공원,126.9063221,37.46567731
무궁화,어린이공원,126.904391,37.464377
금천체육공원,근린공원,126.908522,37.468233
산기슭공원,근린공원,126.9076165,37.46364031
감로천생태공원,근린공원,126.9079262,37.46964774
한사랑,어린이공원,126.904573,37.467716
반수,어린이공원,126.902233,37.4740151
구룡,어린이공원,126.902278,37.477891
남문,어린이공원,126.900396,37.472321
동산,어린이공원,126.9059645,37.47292006
미성,소공원,126.91377,37.477136
약수,어린이공원,126.912442,37.473131
삼육,소공원,126.934307,37.487922
양산,어린이공원,126.932549,37.473626
합실,어린이공원,126.927068,37.465079
행운동,소공원,126.959752,37.483375
봉천,어린이공원,126.964465,37.469221
까치산,소공원,126.960301,37.483056
목화,어린이공원,126.942282,37.467861
대협,어린이공원,126.913364,37.474772
인헌,어린이공원,126.962545,37.475334
충효,어린이공원,126.941048,37.480969
해바라기,어린이공원,126.930214,37.461967
영락,어린이공원,126.943796,37.476781
오성,어린이공원,126.920805,37.467908
미림,어린이공원,126.935286,37.466517
난우,어린이공원,126.913959,37.48039993
도덕,소공원,126.938168,37.469331
남강,어린이공원,126.924653,37.473461
한라,어린이공원,126.914788,37.475633
서광,어린이공원,126.942644,37.475162
중앙,어린이공원,126.948278,37.484446
새싹,어린이공원,126.949378,37.484451
까치산근린공원,근린공원,126.969325,37.476436
봉림,어린이공원,126.935717,37.482694
쑥고개,어린이공원,126.940794,37.475822
난곡,어린이공원,126.915317,37.474084
새빛,어린이공원,126.915149,37.486319
신라,어린이공원,126.912623,37.473548
학다리,어린이공원,126.937591,37.488732
용담,어린이공원,126.943506,37.475466
원당,어린이공원,126.963329,37.474839
교체,어린이공원,126.963998,37.473281
보명,어린이공원,126.925639,37.475841
일선,어린이공원,126.949514,37.477823
청룡,어린이공원,126.944732,37.477619
까치,어린이공원,126.959507,37.479924
모래내,어린이공원,126.955456,37.477901
밤골,어린이공원,126.967365,37.473919
약수암,어린이공원,126.932978,37.459512
연주대,소공원,126.941932,37.469214
태양,어린이공원,126.936475,37.468445
사우촌,어린이공원,126.934163,37.467506
약수,어린이공원,126.961074,37.474417
탑골,어린이공원,126.961074,37.474417
장미,어린이공원,126.962395,37.479094
예촌,어린이공원,126.9768782,37.47453441
난우,어린이공원,126.921869,37.466402
남부,어린이공원,126.920679,37.48481
새들,어린이공원,126.925741,37.48861
색동,어린이공원,126.932555,37.486533
새숲,어린이공원,126.913108,37.482374
장군봉,소공원,126.939008,37.478054
은천,어린이공원,126.942996,37.488223
국회단지,어린이공원,126.943211,37.490274
국지,어린이공원,126.940606,37.490053
서원,어린이공원,126.933237,37.476815
송학,어린이공원,126.949269,37.480272
백설,어린이공원,126.953512,37.476236
신화,어린이공원,126.935702,37.476656
미도,어린이공원,126.915263,37.462803
무궁화,어린이공원,126.928727,37.482017
신림근린공원,근린공원,126.918234,37.480884
장군봉근린공원,근린공원,126.939049,37.478631
문성,어린이공원,126.90286,37.482015
비안,어린이공원,126.94017,37.480767
선봉,어린이공원,126.939678,37.485144
국사봉,어린이공원,126.934035,37.48995
파밀리에 소공원,소공원,126.904792,37.493251
상도근린공원,근린공원,126.94143,37.491879
호박골,어린이공원,126.923932,37.48193
해태,어린이공원,126.940612,37.472323
당곡,어린이공원,126.93354,37.488678
군아파트,어린이공원,126.978932,37.471823
다사랑어린이공원,어린이공원,126.899215,37.4928339
대림어린이공원,어린이공원,126.9030162,37.49133176
빙수골,소공원,126.932279,37.496881
영도,소공원,126.941042,37.503299
나비,소공원,126.943593,37.503186
해님,어린이공원,126.951273,37.501617
별님,어린이공원,126.944953,37.498885
참새,어린이공원,126.921885,37.498336
새벽,어린이공원,126.930155,37.50092249
옹달샘,어린이공원,126.929617,37.495349
동작주차,근린공원,126.977294,37.503828
서달,소공원,126.960027,37.501059
제비,어린이공원,126.925844,37.506659
꿈동산,어린이공원,126.954296,37.503551
한  수,어린이공원,126.928324,37.503173
꿈에그린어린이공원,어린이공원,126.908722,37.503103
(가칭)신길14재정비촉진구역 소공원,소공원,126.908693,37.503172
(가칭)신길7재정비촉진구역 소공원,소공원,126.916358,37.501274
(가칭)신길11재정비촉진구역 소공원,소공원,126.906631,37.504638
(가칭)신길5재정비촉진구역 소공원,소공원,126.9175044,37.50373971
(가칭)신길5구역어린이공원,어린이공원,126.920286,37.503015
메낙골근린공원,근린공원,126.915244,37.506992
산성어린이공원,어린이공원,126.902594,37.496859
고추말어린이공원,어린이공원,126.907115,37.511577
영등포근린공원,근린공원,126.9121264,37.51612662
영일어린이공원,어린이공원,126.903895,37.510097
신길근린공원,근린공원,126.905408,37.501712
자매근린공원,근린공원,126.9290816,37.51662817
신일어린이공원,어린이공원,126.922191,37.511852
다람쥐,어린이공원,126.8908193,37.46824515
두산,어린이공원,126.8942618,37.47303262
철쭉,어린이공원,126.8896337,37.45288913
파랑새,어린이공원,126.888937,37.454889
참새,어린이공원,126.8871937,37.45695474
골말,어린이공원,126.884528,37.482876
무아래,어린이공원,126.893278,37.473337
조마,어린이공원,126.8955477,37.47561479
독산근린공원,근린공원,126.884123,37.463664
도하,소공원,126.896014,37.458753
금나래중앙,근린공원,126.8962053,37.45822937
진달래,어린이공원,126.904883,37.434878
환경어린이공원,어린이공원,126.888408,37.48502191
천왕역소공원,소공원,126.8400322,37.48530509
이펜시아어린이공원,어린이공원,126.845813,37.483092
개명소공원,소공원,126.839291,37.480377
봉화대근린공원,근린공원,126.8424192,37.48469858
푸른수목원,근린공원,126.8236695,37.48196844
오류동역문화공원,문화공원,126.844884,37.494783
오류동 소공원,소공원,126.842953,37.493631
연지소공원,소공원,126.843491,37.482231
삭새어린이공원,어린이공원,126.825012,37.496337
수른어린이공원,어린이공원,126.829601,37.497891
연지근린공원,근린공원,126.838689,37.479003
버들어린이공원,어린이공원,126.841975,37.481146
천왕근린공원,근린공원,126.841125,37.476131
개웅산근린공원,근린공원,126.848974,37.500374
오동나무어린이공원,어린이공원,126.838383,37.485594
온수어린이공원,어린이공원,126.817658,37.494631
와룡소공원,소공원,126.820991,37.496736
갈매소공원,소공원,126.820991,37.496736
구로리어린이공원,어린이공원,126.891578,37.4904165
솔길어린이공원,어린이공원,126.880616,37.489254
화원어린이공원,어린이공원,126.8804405,37.49791653
삼각어린이공원,어린이공원,126.891969,37.501239
구로근린공원,근린공원,126.8896027,37.49748278
애경어린이공원,어린이공원,126.884417,37.500156
구로동(다울)소공원,소공원,126.888217,37.492279
현화소공원,소공원,126.858768,37.489741
개웅어린이공원,어린이공원,126.852866,37.489928
소막골어린이공원,어린이공원,126.852386,37.488486
절골어린이공원,어린이공원,126.851652,37.482821
가린열어린이공원,어린이공원,126.854191,37.500611
개봉소공원,소공원,126.849376,37.499696
개웅소공원,소공원,126.854735,37.488094
희망어린이공원,어린이공원,126.886243,37.48703809
꿈마을어린이공원,어린이공원,126.8901545,37.487173
인스빌2 소공원,소공원,126.890275,37.513184
도리미 소공원,소공원,126.902222,37.509336
원지어린이공원,어린이공원,126.899642,37.49761753
동심어린이공원,어린이공원,126.8972933,37.498712
두암어린이공원,어린이공원,126.897371,37.495428
신우어린이공원,어린이공원,126.899081,37.503539
(가칭)영등포1-4구역 역사공원,역사공원,126.908131,37.522483
당산근린공원,근린공원,126.895135,37.52521794
중앙어린이공원,어린이공원,126.9041639,37.521363
서강어린이공원,어린이공원,126.908707,37.525611
중마루근린공원,근린공원,126.9114973,37.51991866
문래근린공원,근린공원,126.894267,37.517456
번 남,어린이공원,127.024953,37.636018
논 골,어린이공원,127.027973,37.638634
샛 강,어린이공원,127.033005,37.639482
흰구름,어린이공원,127.020635,37.645866
희 망,어린이공원,127.024431,37.640764
은모루,어린이공원,127.026714,37.642612
소 귀,어린이공원,127.018697,37.638742
상산,어린이공원,127.023986,37.638514
흰구름,소공원,127.020465,37.645951
푸 른,어린이공원,127.008423,37.638686
무너미,어린이공원,127.0127415,37.6460666
장미원,어린이공원,127.015689,37.646688
솔밭근린공원,근린공원,127.012249,37.65301305
상  계,근린공원,127.0504391,37.66943969
갈  말,근린공원,127.0523458,37.66649445
초  안,어린이공원,127.0519995,37.63311499
안  골,어린이공원,127.0523395,37.63175975
새마을,어린이공원,127.0524095,37.67970639
샘  터,어린이공원,127.0542195,37.68082279
철  쭉,어린이공원,127.0515554,37.67736783
호돌이,어린이공원,127.0527248,37.67040454
산철쭉,어린이공원,127.0557809,37.67070947
삼  들,어린이공원,127.0527248,37.67040454
두루미,어린이공원,127.0523458,37.66649445
참  새,어린이공원,127.054659,37.6659528
초안산 <시공원>,근린공원,127.0514595,37.64354863
비석골,근린공원,127.0502954,37.63120563
장암지구,근린공원,127.0528721,37.68621485
월계2동쌈지(신화연립),기타,127.0427149,37.6324586
장 암,어린이공원,127.0535532,37.68747591
상계 1,기타,127.0528561,37.6764803
원당샘공원,기타,127.0220787,37.6607526
도로개설잔여부 휴게공원,기타,127.0505123,37.6611929
서울북부지방검찰청주변녹지,기타,127.0466808,37.6756414
물방울,어린이공원,127.0412883,37.6375725
장 미,어린이공원,127.036365,37.6381458
창고개,어린이공원,127.0393257,37.6447409
다람쥐,어린이공원,127.0349159,37.6452098
달 내,어린이공원,127.0352756,37.6427555
꿈동산,어린이공원,127.0368382,37.6501236
미 화,어린이공원,127.0397052,37.6549516
창3 마을공원,소공원,127.0412078,37.6333294
창2 마을공원,소공원,127.0362989,37.6412657
무수울 소공원,소공원,127.0338381,37.6778355
무수골 소공원,소공원,127.0389233,37.67844303
쌍문1구역 소공원,소공원,127.0219352,37.6489288
다락원 체육공원,체육공원,127.0465624,37.69077285
서울 창포원,기타,127.0475814,37.6892727
방학3동,기타,127.0292778,37.6633231
도봉1동(1),기타,127.0428127,37.6875164
쌍문1동,기타,127.0163509,37.6545297
창5동,기타,127.0387085,37.6520013
도봉2동,기타,127.0490433,37.6768238
방학1동,기타,127.0371404,37.661482
도봉1동(2),기타,127.0408206,37.6862776
쌍문4동(1),기타,127.0280205,37.6569337
쌍문4동(2),기타,127.0287138,37.6590534
쌍문2동,기타,127.0347283,37.6553216
발바닥공원,기타,127.0279921,37.6591413
방학사계광장,기타,127.0418448,37.6624333
도봉산역 만남의광장,기타,127.0467981,37.6882419
창동 공원,기타,127.045372,37.6601682
방학동 공원,기타,127.0454838,37.6644754
방학3동 가로공원,기타,127.0276147,37.6634352
도봉마루공원,기타,127.0439158,37.6877313
한전변전소 자투리땅 휴게공원,기타,127.0268292,37.6482319
서 원,어린이공원,127.0433093,37.6838254
무 수,어린이공원,127.0427453,37.6806313
해 태,어린이공원,127.0412072,37.6720052
갈대밭,어린이공원,127.0458103,37.6743303
방 학,어린이공원,127.0322622,37.6631059
샘 말,어린이공원,127.0315749,37.6684889
개나리,어린이공원,127.0371512,37.6673406
생잇들,어린이공원,127.039176,37.6689795
무궁화,어린이공원,127.0421955,37.6678419
뒷 말,어린이공원,127.0336461,37.6637475
사 슴,어린이공원,127.041749,37.6644567
소 망,어린이공원,127.0369361,37.6635246
학 골,어린이공원,127.0369361,37.6635246
금성윗들,어린이공원,127.0447831,37.6676592
노 해,어린이공원,127.0396947,37.6609382
둥근달,어린이공원,127.0301124,37.6497343
꽃동네,어린이공원,127.0229685,37.6506429
샛 별,어린이공원,127.0291963,37.6480726
효 자,어린이공원,127.0510344,37.6500558
모 랫,어린이공원,127.0517995,37.6468286
유 만,어린이공원,127.0529829,37.650387
대 창,어린이공원,127.0522814,37.64436
창 원,어린이공원,127.0403553,37.6529957
은행나무,어린이공원,127.0437757,37.6496529
반 석,어린이공원,127.0412529,37.6471171
뱃 골,어린이공원,127.0450164,37.6465834
밤 골,어린이공원,127.0458545,37.6487859
창 골,어린이공원,127.0486262,37.6430752
신 창,어린이공원,127.040857,37.6400636
북한산 국립공원,기타,127.0312043,37.6920803
초안산근린공원,근린공원,127.0414291,37.6474261
쌍문근린공원,근린공원,127.0290879,37.6541919
월천근린공원,근린공원,127.0523187,37.64727111
누 원,어린이공원,127.0500458,37.6803963
새동네,어린이공원,127.0431725,37.6889748
무지개,어린이공원,127.0450237,37.6856475
새록어린이공원,어린이공원,126.926178,37.625092
응암어린이공원,어린이공원,126.919745,37.615323
물빛공원,기타공원,126.9211621,37.618962
대조마을마당,기타공원,126.942228,37.641342
자투리(신사)마을마당,기타공원,126.932812,37.618267
불광동마을마당,기타공원,126.932812,37.618267
역촌동마을마당,기타공원,126.936128,37.619234
갈현동마을마당,기타공원,126.936128,37.619234
신사2동마을마당,기타공원,126.939287,37.61227
역촌2동마을마당,기타공원,126.928972,37.616903
응암1동마을마당,기타공원,126.930244,37.630017
대조동청사옆마을마당,기타공원,126.918009,37.644332
구현초교 앞마을마당,기타공원,126.930421,37.616116
구산동마을공원확대,기타공원,126.90778,37.61512
상림,근린공원,126.907901,37.614762
마고정,근린공원,126.909981,37.611787
우물골,근린공원,126.9253782,37.63513448
마실길,근린공원,126.9428673,37.64118472
역촌동소공원,소공원,126.910162,37.611442
거북이소공원,소공원,126.907774,37.614886
불광3구역소공원,소공원,126.929826,37.648497
불광6구역소공원,소공원,126.929826,37.648497
불광7구역소공원,소공원,126.927556,37.646145
응암3주택 재개발구역내소공원,소공원,126.919096,37.633198
폭포동소공원,소공원,126.916493,37.637075
잿말소공원,소공원,126.925428,37.634196
한옥마을소공원,소공원,126.93076,37.632016
신사동(새절)소공원,소공원,126.934794,37.635399
녹번1-2지구 주택재개발정비구역내소공원,소공원,126.93076,37.632016
금암문화공원 (은평뉴타운제1호문화공원),주제공원,126.92741,37.624806
제각말문화공원 (은평뉴타운제2호 문화공원),주제공원,126.925398,37.626369
불광위령탑마을마당,기타공원,126.929777,37.61362
양천리누리터 어린이공원,어린이공원,126.932882,37.640075
응암10재개발구역내 어린이공원,어린이공원,126.930834,37.618784
응암1구역어린이공원,어린이공원,126.927014,37.629366
서오능,근린공원,126.9138099,37.63840258
불  광,근린공원,126.910327,37.614968
진  관,근린공원,126.931455,37.61634
향   림,근린공원,126.9273554,37.62933219
물 푸 레,근린공원,126.9165117,37.63783996
기 자 촌,근린공원,126.928596,37.621404
녹번서,근린공원,126.920502,37.614034
신록어린이공원,어린이공원,126.915685,37.614689
참다래어린이공원,어린이공원,126.913295,37.617265
포수동어린이공원,어린이공원,126.918535,37.625135
박석어린이공원,어린이공원,126.908951,37.616846
분토골어린이공원,어린이공원,126.915707,37.621482
새장골어린이공원,어린이공원,126.908075,37.611011
관동어린이공원,어린이공원,126.916508,37.623992
은하수,어린이공원,127.0434525,37.63067857
벌 리,어린이공원,127.044421,37.627774
벌 말,어린이공원,127.039829,37.629802
우이천가로공원,기타,127.0470189,37.6257112
월계2동쌈지(신우빌라),기타,127.045758,37.62906674
월계 롯데캐슬 옆,기타,127.0473737,37.6267847
골마을,근린공원,127.0737532,37.63840479
수락산 <시공원>,기타,127.065515,37.691731
불암산 <시공원>,기타,127.0810229,37.65550069
갈  울,근린공원,127.0682487,37.66026956
원  터,근린공원,127.0627597,37.65043388
느티울,근린공원,127.0582117,37.64825944
당현천,근린공원,127.0631162,37.64858127
온  수,근린공원,127.0625872,37.66093582
중  계,근린공원,127.0663439,37.63896059
삿갓봉,근린공원,127.0763791,37.65795085
노  해,근린공원,127.0706988,37.64815891
양  지,근린공원,127.0748343,37.64545701
충  숙,근린공원,127.0768006,37.64032374
새  싹,어린이공원,127.0750484,37.65101414
천  보,어린이공원,127.0795991,37.65110792
다람쥐,어린이공원,127.0759529,37.64906384
광  석,어린이공원,127.0803044,37.649149
꿈동산,어린이공원,127.0727769,37.64636938
뻐꾸기,어린이공원,127.0733372,37.64344507
앵무새,어린이공원,127.0711668,37.63982633
이  화,어린이공원,127.0799485,37.64702497
곰돌이,어린이공원,127.075646,37.6413372
갓바위,어린이공원,127.0774348,37.65748165
국  화,어린이공원,127.076206,37.63675261
매  봉,어린이공원,127.059006,37.6332342
나팔꽃,어린이공원,127.059665,37.62924793
연  촌,어린이공원,127.0629493,37.62811819
비둘기,어린이공원,127.0689414,37.62992402
각  심,어린이공원,127.0516036,37.62916163
햇 살,어린이공원,127.0509722,37.62684097
연  지,어린이공원,127.056656,37.62895749
효  성,어린이공원,127.088325,37.621233
늘푸른,어린이공원,127.0569993,37.68184138
샛  별,어린이공원,127.0567692,37.68246137
코스모스,어린이공원,127.0812361,37.66816113
들국화,어린이공원,127.0612848,37.64282675
백  합,어린이공원,127.069659,37.64617737
해바라기,어린이공원,127.0709579,37.63463318
하  계,어린이공원,127.067951,37.63204371
중  현,어린이공원,127.065953,37.63251336
중  평,어린이공원,127.0639634,37.63753475
꿈나라,어린이공원,127.076114,37.6558211
샛  말,어린이공원,127.0576577,37.67626581
개나리,어린이공원,127.0587454,37.6698575
봉숭아,어린이공원,127.0701075,37.66045227
햇  빛,어린이공원,127.0802062,37.67163601
종달새,어린이공원,127.0625389,37.66826983
상록수,어린이공원,127.0703251,37.66040529
반  디,어린이공원,127.0561232,37.66165265
민들레,어린이공원,127.056156,37.66165265
달  빛,어린이공원,127.0598157,37.66461686
용  화,어린이공원,127.057173,37.65916904
온  곡,어린이공원,127.0614944,37.66067691
한아름,어린이공원,127.061696,37.65771438
채송화,어린이공원,127.0561513,37.65081562
기  린,어린이공원,127.0561513,37.65081562
엄  지,어린이공원,127.0635596,37.65298864
소  망,어린이공원,127.0661902,37.65470266
까  치,어린이공원,127.0582117,37.64825944
감나무,어린이공원,127.0582117,37.64825944
신기루,어린이공원,127.0623792,37.64894575
물보라,어린이공원,127.0673514,37.65052144
선  녀,어린이공원,127.058958,37.64630934
사  랑,어린이공원,127.0600197,37.64771073
가재울,근린공원,127.067101,37.64933229
한글비,근린공원,127.0729253,37.64451398
벽  운,근린공원,127.0571666,37.68028441
달맞이,근린공원,127.0627148,37.64560824
솔  밭,근린공원,127.0893655,37.62307724
영축산              <시공원>,근린공원,127.0575391,37.628348
새나라,어린이공원,127.0727764,37.62204709
해오라기,어린이공원,127.0761783,37.62562006
나  래,어린이공원,127.0707238,37.62672266
씨  알,어린이공원,127.0736069,37.627948
공  작,어린이공원,127.0737465,37.63626045
목  련,어린이공원,127.074429,37.636208
전주동,어린이공원,127.0737198,37.6596536
당  현,어린이공원,127.074849,37.66009258
무궁화,어린이공원,127.0692327,37.66547665
중계본동 보호수 근처,기타,127.080867,37.6464965
원암유치원,기타,127.084306,37.649804
상계5동 쌈지마당,기타,127.0687716,37.66202076
상계5동 간촌마을 가로공원,기타,127.0658531,37.6661168
힐링숲,기타,127.0653931,37.6613963
상계초,기타,127.0638398,37.6591731
양지마을마당,기타,127.0687971,37.6504711
공릉3동소공원,기타,127.0696055,37.62766396
주민소통공간,기타,127.0713293,37.6628034
샘말공원,기타,127.0730272,37.6237113
산성미소지움 앞,기타,127.083378,37.62128685
불암초,기타,127.0806007,37.65078343
불암소공원,기타,127.070025,37.6583522
노원골 만남의광장,기타,127.0594044,37.6746143
천상병공원,기타,127.0570198,37.6743328
비콘과대망사이,기타,127.0577714,37.6766918
중계1동 소공원,기타,127.0691186,37.6499424
소방파출소,기타,127.0662972,37.6588071
순복음교회 뒤,기타,127.0666435,37.6558384
순복음 목재소,기타,127.065035,37.6562311
상계2동 마을숲,기타,127.0676381,37.6568074
현대 초입,기타,127.0801371,37.66646083
간촌 인근,기타,127.0719324,37.66306041
계상초 인근,기타,127.0651416,37.6618373
상계 5,기타,127.0693311,37.6635348
한천가로공원,기타,127.0709709,37.62445924
무지개,어린이공원,127.0801444,37.62258291
청  솔,어린이공원,127.0874014,37.62503565
송  림,어린이공원,127.0872999,37.62769904
배  꽃,어린이공원,127.092496,37.62632559
불  암,어린이공원,127.0800958,37.66595991
꽃사슴,어린이공원,127.084642,37.672626
갈 월,어린이공원,127.083156,37.669984
희망,어린이공원,127.078763,37.672443
인덕마을,어린이공원,127.056627,37.63015582
중계,소공원,127.0679721,37.64529539
한무리,문화공원,127.0724411,37.63131305
등나무,문화공원,127.0668666,37.64066136
마들,체육공원,127.0583049,37.64487286
공릉 2,기타,127.0824258,37.6252322
간  촌,기타,127.0686244,37.6637948
다우리,기타,127.0640185,37.6620411
나누리,기타,127.0645187,37.6654563
상계 10,기타,127.0600221,37.6609624
오장골,기타,127.0668825,37.6630485
안  산,기타,127.0697753,37.6623018
상계 3,기타,127.0779886,37.6661136
공릉2(산업대앞),기타,127.0733564,37.6305209
쌈지마당,기타,127.087945,37.64418299
노원역 역사문화마당,기타,127.0558664,37.6544716
